id,title,category,start,end,rank,local_rank,phq_attendance,location,labels,entities,duration,updated
3Ad6pUgSsDZ9YyCuGu,Deer Tick,concerts,2025-09-08T00:00:00Z,2025-09-08T00:00:00Z,32,64,120.0,[-70.7040084  42.0919348],,"[{'category': None, 'description': None, 'entity_id': 'NdGqawHj2XKs2GsY7wyfj2', 'formatted_address': None, 'labels': None, 'name': 'Deer Tick', 'recurring': None, 'timezone': None, 'type': 'organization'}
 {'category': None, 'description': None, 'entity_id': 'DKxDMxpZQjRsh5Rcnbk5Uh', 'formatted_address': '1871 Ocean St, Marshfield, MA 02050, USA', 'labels': None, 'name': 'Levitate Backyard', 'recurring': None, 'timezone': None, 'type': 'venue'}]",0,2025-11-18T20:12:23Z
3NKX7YnztkZp6zvndF,Watchtower,concerts,2025-09-08T00:00:00Z,2025-09-08T00:00:00Z,39,62,287.0,[-97.3951022  27.7977195],,"[{'category': None, 'description': None, 'entity_id': 'BWjtxGGf9XFJGdL3Ck7BP7', 'formatted_address': None, 'labels': None, 'name': 'Watchtower', 'recurring': None, 'timezone': None, 'type': 'organization'}
 {'category': None, 'description': None, 'entity_id': 'PsTZg9C8KAGudAWVYPuEB5', 'formatted_address': '511 Starr St, Corpus Christi, TX 78401, USA', 'labels': None, 'name': 'House of Rock', 'recurring': None, 'timezone': None, 'type': 'venue'}]",0,2025-09-22T00:14:57Z
3NjBcgX3Hewhk4SgRe,Max Stalling and Heather Stalling,concerts,2025-09-08T00:00:00Z,2025-09-08T00:00:00Z,36,59,207.0,[-90.0249  35.0611],,"[{'category': None, 'description': None, 'entity_id': 'EWFbwCfNttFehwghTkM88w', 'formatted_address': None, 'labels': None, 'name': 'Heather Stalling', 'recurring': None, 'timezone': None, 'type': 'organization'}
 {'category': None, 'description': None, 'entity_id': '4tma7CF66yshspsqTnGfuK', 'formatted_address': None, 'labels': None, 'name': 'Max Stalling', 'recurring': None, 'timezone': None, 'type': 'person'}
 {'category': None, 'description': None, 'entity_id': 'fgyTTW2Urczp4BEyABvEw6', 'formatted_address': '3210 Old Hernando Rd, Memphis, TN 38116, USA', 'labels': None, 'name': 'Hernandos Hideaway', 'recurring': None, 'timezone': None, 'type': 'venue'}]",0,2025-09-22T00:09:59Z
3UDqEwrBU5ZZ6MPmhD,Sunday Contra at the Monday Club- September,concerts,2025-09-08T00:00:00Z,2025-09-08T02:30:00Z,39,65,289.0,[-90.355103  38.591047],,"[{'category': None, 'description': None, 'entity_id': '38ddfVGqFX4GH2X7ScWtEL7', 'formatted_address': '37 S Maple Ave, Webster Groves, MO 63119, USA', 'labels': None, 'name': 'The Monday Club', 'recurring': None, 'timezone': None, 'type': 'venue'}]",9000,2025-09-22T00:09:59Z
3dYkukhpwpErsSgxE5,Lulada Club,concerts,2025-09-08T00:00:00Z,2025-09-08T00:00:00Z,40,43,302.0,[-73.9573947  40.7218813],,"[{'category': None, 'description': None, 'entity_id': 'tTYKja7c7HKygn7TYCg3Cx', 'formatted_address': None, 'labels': None, 'name': 'Lulada Club', 'recurring': None, 'timezone': None, 'type': 'organization'}
 {'category': None, 'description': None, 'entity_id': 'ZPiEgELhzMpKE5Sukm6vDu', 'formatted_address': '61 Wythe Ave, Brooklyn, NY 11249, USA', 'labels': None, 'name': 'Brooklyn Bowl', 'recurring': None, 'timezone': None, 'type': 'venue'}]",0,2025-12-05T21:57:38Z
3krY98LZCsiReR3wre,Namaste India 2025 Informational Session,concerts,2025-09-08T00:00:00Z,2025-09-08T01:00:00Z,32,59,130.0,[-88.2755892  42.6760889],,[],3600,2025-09-22T00:13:59Z
3omo4CBFQNLzJyuZYy,Mountain Melodies Concert featuring Pick N Holler,concerts,2025-09-08T00:00:00Z,2025-09-08T02:00:00Z,39,67,284.0,[-111.73193   35.15985],,[],7200,2025-09-22T00:08:53Z
3yVwcG6sk3ELKJMaqs,Live Band Sunday Takeover,concerts,2025-09-08T00:00:00Z,2025-09-08T02:00:00Z,37,65,219.0,[-82.0131552  33.4465581],,[],7200,2025-09-22T00:10:34Z
47twtTcDxiZTUJ5p2d,Three Dog Night with Little River Band (Rescheduled from 7/19/2025),concerts,2025-09-08T00:00:00Z,2025-09-08T00:00:00Z,52,84,1286.0,[-88.6559  30.3937],,"[{'category': None, 'description': None, 'entity_id': 'ADmuUzQsAmyc7pWXcLQ69S', 'formatted_address': None, 'labels': None, 'name': 'Little River Band', 'recurring': None, 'timezone': None, 'type': 'organization'}
 {'category': None, 'description': None, 'entity_id': '6UYZqALjJJ6SXmg62GfECA', 'formatted_address': None, 'labels': None, 'name': 'Redwood', 'recurring': None, 'timezone': None, 'type': 'organization'}
 {'category': None, 'description': None, 'entity_id': 'XzrqDRX7WqPfai5mZWksec', 'formatted_address': '3855 Dolphin Dr, Gautier, MS 39553, USA', 'labels': None, 'name': 'The Sound Amphitheater', 'recurring': None, 'timezone': None, 'type': 'venue'}]",0,2025-12-06T21:57:02Z
49NZekg3NNcNfNh9VB,Strictly The Best Sundays,concerts,2025-09-08T00:00:00Z,2025-09-08T08:00:00Z,27,32,69.0,[-73.92930489  40.64389428],,"[{'category': None, 'description': None, 'entity_id': 'Hzy6946g2Gqj3grCCDGz2U', 'formatted_address': '1165 Utica Ave, Brooklyn, NY 11203, USA', 'labels': None, 'name': 'Round 2 Cafe', 'recurring': None, 'timezone': None, 'type': 'venue'}
 {'category': 'concerts', 'description': 'Join us for the ultimate Sunday vibes at Strictly The Best Sundays in Brooklyn!', 'entity_id': 'spPya9TkthnpbDBcj2xpuv', 'formatted_address': '1165 Utica Avenue, Brooklyn, NY 11203, United States', 'labels': array(['concert', 'event-group', 'music'], dtype=object), 'name': 'Strictly The Best Sundays', 'recurring': None, 'timezone': 'America/New_York', 'type': 'event-group'}]",28800,2025-09-22T00:10:58Z
4Kz9AKQerKwVHsne8M,"Grupo Exterminador, Los Terribles Del Norte, and Los Capos De Mexico",concerts,2025-09-08T00:00:00Z,2025-09-08T00:00:00Z,47,62,694.0,[-97.72707  30.23847],,"[{'category': None, 'description': None, 'entity_id': 'rmmVy8hNKvrrFvX6CAfeWY', 'formatted_address': None, 'labels': None, 'name': 'Los Terribles del Norte', 'recurring': None, 'timezone': None, 'type': 'organization'}
 {'category': None, 'description': None, 'entity_id': '33qSwJfGBmyQNqs8mYbUyJ6', 'formatted_address': None, 'labels': None, 'name': 'Los Capos De Mexico', 'recurring': None, 'timezone': None, 'type': 'organization'}
 {'category': None, 'description': None, 'entity_id': 'ayFPt92ewiHMYrrRkeiBUq', 'formatted_address': None, 'labels': None, 'name': 'Grupo Exterminador', 'recurring': None, 'timezone': None, 'type': 'organization'}
 {'category': None, 'description': None, 'entity_id': 'hSVpLbvTmgCkrN3i2wttdk', 'formatted_address': '2237 E Riverside Dr, Austin, TX 78741, USA', 'labels': None, 'name': 'Club Carnaval', 'recurring': None, 'timezone': None, 'type': 'venue'}]",0,2025-11-19T23:00:37Z
4LiRga8DRzUbjFfLfZ,Christian McBride,concerts,2025-09-08T00:00:00Z,2025-09-08T00:00:00Z,36,36,207.0,[-74.0006557  40.7309083],,"[{'category': None, 'description': None, 'entity_id': '4LNCs6WuJZJbsWiPBHUTYw', 'formatted_address': None, 'labels': None, 'name': 'Brad Mehldau', 'recurring': None, 'timezone': None, 'type': 'person'}
 {'category': None, 'description': None, 'entity_id': 'QHW3uMcfu9SThm2THE3XKE', 'formatted_address': None, 'labels': None, 'name': 'Christian McBride', 'recurring': None, 'timezone': None, 'type': 'person'}
 {'category': None, 'description': None, 'entity_id': '7JA9az5WNxteQDanTJdveb', 'formatted_address': '131 W 3rd St, New York, NY 10012, USA', 'labels': None, 'name': 'Blue Note', 'recurring': None, 'timezone': None, 'type': 'venue'}
 {'category': 'concerts', 'description': None, 'entity_id': 'UOPGTt6N_4YqsDVVUFT-fA', 'formatted_address': None, 'labels': array(['concert', 'residency'], dtype=object), 'name': 'Brad Mehldau at Blue Note', 'recurring': None, 'timezone': None, 'type': 'event-group'}]",0,2025-11-28T14:53:08Z
4dgZC8aRHp5GwCv7sQ,K Camp,concerts,2025-09-08T00:00:00Z,2025-09-08T00:00:00Z,42,65,384.0,[-85.723795  38.25078 ],,"[{'category': None, 'description': None, 'entity_id': 'eheCVJCT9MQgY9hKdWCrkN', 'formatted_address': None, 'labels': None, 'name': 'K Camp', 'recurring': None, 'timezone': None, 'type': 'person'}
 {'category': None, 'description': None, 'entity_id': 'RS7Br5rGAMqwwU2u2EyJ7L', 'formatted_address': '1386 Lexington Rd, Louisville, KY 40206, USA', 'labels': None, 'name': 'Headliners Music Hall', 'recurring': None, 'timezone': None, 'type': 'venue'}]",0,2025-12-06T23:49:37Z
4jog6VHkpUYoUv5qMY,Motherfolk and Crumbsnatchers,concerts,2025-09-08T00:00:00Z,2025-09-08T00:00:00Z,34,42,162.0,[-77.024142  38.916708],,"[{'category': None, 'description': None, 'entity_id': 'tvQBTYpGb7knuyLxTWKwpn', 'formatted_address': None, 'labels': None, 'name': 'Motherfolk', 'recurring': None, 'timezone': None, 'type': 'organization'}
 {'category': None, 'description': None, 'entity_id': '334vTfS3Cy6MhB8BESjHE26', 'formatted_address': None, 'labels': None, 'name': 'Crumbsnatchers', 'recurring': None, 'timezone': None, 'type': 'organization'}
 {'category': None, 'description': None, 'entity_id': 'UPz4SdMPur7J7PGqEfHt74', 'formatted_address': '1940 9th St NW, Washington, DC 20001, USA', 'labels': None, 'name': 'DC9 Nightclub', 'recurring': None, 'timezone': None, 'type': 'venue'}]",0,2025-11-29T16:04:10Z
4qSxcNGPvkUrZbxVuZ,Dee-1,concerts,2025-09-08T00:00:00Z,2025-09-08T00:00:00Z,40,57,312.0,[-84.3882896  33.7921622],,"[{'category': None, 'description': None, 'entity_id': 'RPu9YNAAuVDhnAbxwHdyTE', 'formatted_address': None, 'labels': None, 'name': 'Dee-1', 'recurring': None, 'timezone': None, 'type': 'person'}
 {'category': None, 'description': None, 'entity_id': 'WQQxfV6ysDbgAfXXjbbvZf', 'formatted_address': '1374 W Peachtree St NW, Atlanta, GA 30309, USA', 'labels': None, 'name': 'Center Stage Atlanta - Vinyl', 'recurring': None, 'timezone': None, 'type': 'venue'}]",0,2025-09-22T00:10:58Z
5DiRUsFLiLKSprwtXv,Nothing,concerts,2025-09-08T00:00:00Z,2025-09-08T00:00:00Z,46,66,611.0,[-95.3668186  29.7858133],,"[{'category': None, 'description': None, 'entity_id': '32bW6wJx7eSGpWBq42XAeBs', 'formatted_address': None, 'labels': None, 'name': 'Nothing', 'recurring': None, 'timezone': None, 'type': 'organization'}
 {'category': None, 'description': None, 'entity_id': 'Wm9Gb6qFznQ62NcxqSUNG3', 'formatted_address': '2915 N Main St, Houston, TX 77009, USA', 'labels': None, 'name': 'White Oak Music Hall', 'recurring': None, 'timezone': None, 'type': 'venue'}]",0,2025-12-06T15:41:14Z
5LfTrqWfsoE25QPPvM,Mountain Grass Unit,concerts,2025-09-08T00:00:00Z,2025-09-08T00:00:00Z,34,59,158.0,[-73.17564   44.468887],,"[{'category': None, 'description': None, 'entity_id': '37gpLTHvqM4GERjJzCammYw', 'formatted_address': None, 'labels': None, 'name': 'Mountain Grass Unit', 'recurring': None, 'timezone': None, 'type': 'organization'}
 {'category': None, 'description': None, 'entity_id': 'TkJ5A4uNwABkEA6FNMghgR', 'formatted_address': '1214 Williston Rd, South Burlington, VT 05403, USA', 'labels': None, 'name': 'Show Case Lounge', 'recurring': None, 'timezone': None, 'type': 'venue'}]",0,2025-10-18T18:52:00Z
5PTVtBwxszdzGx3YmR,"los yesterdays, The McCharmlys, The Emkays, and The Charities",concerts,2025-09-08T00:00:00Z,2025-09-08T00:00:00Z,45,66,544.0,[-98.4876598  29.4485881],,"[{'category': None, 'description': None, 'entity_id': '33SviYjqi8LDwyDfQvXY36k', 'formatted_address': None, 'labels': None, 'name': 'The Charities', 'recurring': None, 'timezone': None, 'type': 'organization'}
 {'category': None, 'description': None, 'entity_id': 'yzNP4t6vz9XmJuqzKSCa6e', 'formatted_address': None, 'labels': None, 'name': 'Los Yesterdays', 'recurring': None, 'timezone': None, 'type': 'organization'}
 {'category': None, 'description': None, 'entity_id': 'DGMwwPKiLrtAiXWQRXEXB2', 'formatted_address': None, 'labels': None, 'name': 'The Emkays', 'recurring': None, 'timezone': None, 'type': 'organization'}
 {'category': None, 'description': None, 'entity_id': 'FgH665nkWudair92qR2uTG', 'formatted_address': None, 'labels': None, 'name': 'The McCharmlys', 'recurring': None, 'timezone': None, 'type': 'organization'}
 {'category': None, 'description': None, 'entity_id': 'gLpUfpAkwBUF9E8TNbhxiK', 'formatted_address': ""2410 N St Mary's St, San Antonio, TX 78212, USA"", 'labels': None, 'name': 'Paper Tiger', 'recurring': None, 'timezone': None, 'type': 'venue'}]",0,2025-12-06T20:46:49Z
5UwXR8CucPoMRbEGmL,Benson Boone,concerts,2025-09-08T00:00:00Z,2025-09-08T00:00:00Z,65,89,5559.0,[-78.7218018  35.803329 ],,"[{'category': None, 'description': None, 'entity_id': 'aKBRMVp4P6X4zqWyRt73zi', 'formatted_address': None, 'labels': None, 'name': 'Benson Boone', 'recurring': None, 'timezone': None, 'type': 'person'}
 {'category': None, 'description': None, 'entity_id': 'Qm5KZ2GUMSQ9LWBYWttWnL', 'formatted_address': '1400 Edwards Mill Rd, Raleigh, NC 27607, USA', 'labels': None, 'name': 'PNC Arena', 'recurring': None, 'timezone': None, 'type': 'venue'}]",0,2025-12-06T04:28:27Z
5a5e2CeC3AQEaD6KRb,Eric Darius @ Fort Hunter Mansion and Park in Harrisburg,concerts,2025-09-08T00:00:00Z,2025-09-08T04:00:00Z,34,65,164.0,[-76.9079285  40.3415014],,"[{'category': None, 'description': None, 'entity_id': 'Ze9358bpXS3HnR6qLFXZGK', 'formatted_address': 'Fort Hunter Mansion and Park, 5300 N Front St, Harrisburg, PA 17110, USA', 'labels': None, 'name': 'Fort Hunter Mansion and Park', 'recurring': None, 'timezone': None, 'type': 'venue'}]",14400,2025-09-22T00:13:47Z
5aqh7yiDGRHZfuiHZs,Sound Bath | Full Moon Lunar Eclipse in Pisces,concerts,2025-09-08T00:00:00Z,2025-09-08T01:00:00Z,37,60,223.0,[-94.1652519  36.085316 ],,[],3600,2025-09-22T00:14:50Z
5fVkxnEK5E2XddVXYG,Mat Kearney at Gallo Center for the Arts - Mary Stuart Rogers Theater,concerts,2025-09-08T00:00:00Z,2025-09-08T00:00:00Z,43,65,464.0,[-120.9984804   37.639539 ],,"[{'category': None, 'description': None, 'entity_id': 'D5PqeaRDtLX9scfQ4hbYcN', 'formatted_address': None, 'labels': None, 'name': 'Mat Kearney', 'recurring': None, 'timezone': None, 'type': 'person'}
 {'category': None, 'description': None, 'entity_id': 'fJi6prHnpJw4znZauTFegz', 'formatted_address': '1000 I St, Modesto, CA 95354, USA', 'labels': None, 'name': 'Gallo Center for the Arts - Mary Stuart Rogers Theater', 'recurring': None, 'timezone': None, 'type': 'venue'}]",0,2025-12-06T22:09:58Z
5hJPVvpCJUevRbU6jS,Cynthia Erivo at Filene Center at Wolf Trap,concerts,2025-09-08T00:00:00Z,2025-09-08T00:00:00Z,53,82,1456.0,[-77.26536416  38.93701421],,"[{'category': None, 'description': None, 'entity_id': '4mdG4JipRhu7ibrzyurSqi', 'formatted_address': None, 'labels': None, 'name': 'National Symphony Orchestra', 'recurring': None, 'timezone': None, 'type': 'organization'}
 {'category': None, 'description': None, 'entity_id': '35tKGtEL3qe6Ws8rzsqz2EX', 'formatted_address': None, 'labels': None, 'name': 'Cynthia Erivo', 'recurring': None, 'timezone': None, 'type': 'person'}
 {'category': None, 'description': None, 'entity_id': 'eNTbRbKVyGwXskMjikCYT5', 'formatted_address': 'Wolf Trap National Park for the Performing Arts, 1551 Trap Rd, Vienna, VA 22182, USA', 'labels': None, 'name': 'Wolf Trap National Park for the Performing Arts (Filene Center)', 'recurring': None, 'timezone': None, 'type': 'venue'}]",0,2025-12-06T22:58:35Z
5mpQjHLxVHxnVaAiqh,Christone Kingfish Ingram,concerts,2025-09-08T00:00:00Z,2025-09-08T00:00:00Z,28,55,84.0,[-82.5510137  35.5914061],,"[{'category': None, 'description': None, 'entity_id': '3A67zssESjH54ENxiw2f7DN', 'formatted_address': None, 'labels': None, 'name': 'Christone Kingfish Ingram', 'recurring': None, 'timezone': None, 'type': 'organization'}
 {'category': None, 'description': None, 'entity_id': '3BZnBt9jBN9n6nra6Lis454', 'formatted_address': '101 Biltmore Ave, Asheville, NC 28801, USA', 'labels': None, 'name': 'The Orange Peel - Pulp', 'recurring': None, 'timezone': None, 'type': 'venue'}]",0,2025-12-06T22:14:25Z
5uHaVEU4FN52FBbfWE,J.T. & Company,concerts,2025-09-08T00:00:00Z,2025-09-08T00:00:00Z,35,60,171.0,[-81.6327744  38.3497238],,[],0,2025-06-04T08:02:06Z
64kpLqWMQqTSFNkRkg,Stiff Little Fingers,concerts,2025-09-08T00:00:00Z,2025-09-08T00:00:00Z,49,70,915.0,[-73.4140074  41.1169647],,"[{'category': None, 'description': None, 'entity_id': 'mYL9jee7pjFBH9GniWNSip', 'formatted_address': None, 'labels': None, 'name': 'Stiff Little Fingers', 'recurring': None, 'timezone': None, 'type': 'organization'}
 {'category': None, 'description': None, 'entity_id': 'S8L9K26jxHQCZtyKivv3jq', 'formatted_address': '71 Wall Street, Norwalk, CT 06850, USA', 'labels': None, 'name': 'District Music Hall', 'recurring': None, 'timezone': None, 'type': 'venue'}]",0,2025-12-06T22:37:33Z
64txSpcNVDoLcxhMP4,The Town Social ft. Erica Ambrin & Eclectic Soul Project,concerts,2025-09-08T00:00:00Z,2025-09-08T06:59:00Z,40,58,333.0,[-122.2074112   37.8063744],,[],25140,2025-09-22T00:08:48Z
68vipsid5TiQYyQKWe,"Full Moon, Cacao and Sound Bath Ceremony",concerts,2025-09-08T00:00:00Z,2025-09-08T02:00:00Z,41,60,372.0,[-121.8210525   37.3802433],,[],7200,2025-09-22T00:08:14Z
6AfDw623c9W8MBAZik,Kendra Morris,concerts,2025-09-08T00:00:00Z,2025-09-08T00:00:00Z,35,61,177.0,[-82.5531007  35.5951117],,"[{'category': None, 'description': None, 'entity_id': 'nApRHhHU3cmkVASFHVhFKE', 'formatted_address': None, 'labels': None, 'name': 'Kendra Morris', 'recurring': None, 'timezone': None, 'type': 'person'}
 {'category': None, 'description': None, 'entity_id': '5UxrDuctY5ULVZzBDpSTjc', 'formatted_address': '55 College St, Asheville, NC 28801, USA', 'labels': None, 'name': 'The One Stop at Asheville Music Hall', 'recurring': None, 'timezone': None, 'type': 'venue'}]",0,2025-10-03T18:24:57Z
6Bb5uHMtpmGAShwSso,Brian Kelley,concerts,2025-09-08T00:00:00Z,2025-09-08T00:00:00Z,50,71,947.0,[-78.6242913  35.8066376],,"[{'category': None, 'description': None, 'entity_id': '3BAS6MMGvUvmddKrdzZvwfF', 'formatted_address': None, 'labels': None, 'name': 'Brian Kelley', 'recurring': None, 'timezone': None, 'type': 'person'}
 {'category': None, 'description': None, 'entity_id': '3Bt6MCnaDQgTCMrfPVCFzhf', 'formatted_address': '1930 Wake Forest Rd, Raleigh, NC 27608, USA', 'labels': None, 'name': 'Bowstring Pizza and Brewyard - Raleigh', 'recurring': None, 'timezone': None, 'type': 'venue'}]",0,2025-12-05T22:24:49Z
6LoRoKA3uaP9cFzCbj,Lady Gaga,concerts,2025-09-08T00:00:00Z,2025-09-08T00:00:00Z,73,74,14596.0,[-73.9934387  40.7505045],,"[{'category': None, 'description': None, 'entity_id': 'VtFFMDK3VABq3MWzw7mWGG', 'formatted_address': None, 'labels': None, 'name': 'Lady Gaga', 'recurring': None, 'timezone': None, 'type': 'person'}
 {'category': None, 'description': None, 'entity_id': '39hG2LTCsQsukJdz3irZBJS', 'formatted_address': 'Pennsylvania Station, 4 Pennsylvania Plaza, New York, NY 10001, USA', 'labels': None, 'name': 'Madison Square Garden', 'recurring': None, 'timezone': None, 'type': 'venue'}
 {'category': 'concerts', 'description': None, 'entity_id': '9C5SCFEqYaViR5VMDXWyFw', 'formatted_address': None, 'labels': array(['concert', 'residency'], dtype=object), 'name': 'Lady Gaga at Madison Square Garden', 'recurring': None, 'timezone': None, 'type': 'event-group'}]",0,2025-12-06T11:53:37Z
6MffEhhYDVJFSu4Zgg,Christy Moser,concerts,2025-09-08T00:00:00Z,2025-09-08T00:00:00Z,30,50,104.0,[-95.4641266  29.7512207],,[],0,2025-09-25T00:06:19Z
6Uf25nBZZTDMv9Q2ze,El Chaval de la Bachata,concerts,2025-09-08T00:00:00Z,2025-09-08T00:00:00Z,47,57,687.0,[-75.11937  40.01361],,"[{'category': None, 'description': None, 'entity_id': 'TQq22BC9wiFBkFktukfDfn', 'formatted_address': None, 'labels': None, 'name': 'El Chaval de la Bachata', 'recurring': None, 'timezone': None, 'type': 'person'}
 {'category': None, 'description': None, 'entity_id': 'jGFuGXBu2kFUt75HyQQvYv', 'formatted_address': '4210 Whitaker Ave, Philadelphia, PA 19124, USA', 'labels': None, 'name': 'Bella Vista Restaurant', 'recurring': None, 'timezone': None, 'type': 'venue'}]",0,2025-11-19T01:35:02Z
6acLVRHSqr6sVkk5Fq,Grand Ole Echo,concerts,2025-09-08T00:00:00Z,2025-09-08T00:00:00Z,41,53,372.0,[-118.260153    34.0776737],,"[{'category': None, 'description': None, 'entity_id': 'iauSLHrDicktK5aa4TWUjZ', 'formatted_address': None, 'labels': None, 'name': 'Grand Ole Echo', 'recurring': None, 'timezone': None, 'type': 'organization'}
 {'category': None, 'description': None, 'entity_id': '36TjyAdEXBqbtknPAbMCwPw', 'formatted_address': '1822 Sunset Blvd, Los Angeles, CA 90026, USA', 'labels': None, 'name': 'The Echo', 'recurring': None, 'timezone': None, 'type': 'venue'}
 {'category': 'concerts', 'description': None, 'entity_id': 'PgYk-rgbF_EZOuN30FoO1Q', 'formatted_address': None, 'labels': array(['concert', 'residency'], dtype=object), 'name': 'Grand Ole Echo at The Echo', 'recurring': None, 'timezone': None, 'type': 'event-group'}]",0,2025-09-22T00:10:39Z
6cvKZcAiMPPWubFdu5,MMYYKK,concerts,2025-09-08T00:00:00Z,2025-09-08T00:00:00Z,31,46,114.0,[-93.275307  44.973659],,"[{'category': None, 'description': None, 'entity_id': 'nhtUfbwq6wBaiP4dDJNkz', 'formatted_address': None, 'labels': None, 'name': 'MMYYKK', 'recurring': None, 'timezone': None, 'type': 'person'}
 {'category': None, 'description': None, 'entity_id': 'cnvmXX6ncXAURNBRpF5rfk', 'formatted_address': '1010 Nicollet Mall, Minneapolis, MN 55403, USA', 'labels': None, 'name': 'Dakota Jazz Club & Restaurant', 'recurring': None, 'timezone': None, 'type': 'venue'}]",0,2025-10-08T04:54:23Z
6uVUTTrpmC64kXibkG,High Country - Bluegrass 2025,concerts,2025-09-08T00:00:00Z,2025-09-08T02:00:00Z,40,58,326.0,[-122.2616583   37.8929651],,[],7200,2025-09-22T00:10:39Z
76KGuMYJ4ZBXBnjmix,"The Conscious collective - Music, Meditation & Meals - Full Moon Special!",concerts,2025-09-08T00:00:00Z,2025-09-08T02:00:00Z,34,64,159.0,[-122.1442996   47.7982235],,[],7200,2025-09-22T00:08:14Z
78pDS3nDNq5hqYTLE7,Big Band & BBQ: CHICAGO GRANDSTAND,concerts,2025-09-08T00:00:00Z,2025-09-08T00:00:00Z,42,57,400.0,[-87.7896357  41.8648899],,"[{'category': None, 'description': None, 'entity_id': 's8EZEUe4WWKgwxD5B5gBwn', 'formatted_address': '6615 Roosevelt Rd, Berwyn, IL 60402, USA', 'labels': None, 'name': ""FitzGerald's"", 'recurring': None, 'timezone': None, 'type': 'venue'}]",0,2025-10-29T03:52:36Z
7Dt87cWzn6Z8uzg5nh,The Messthetics and James Brandon Lewis,concerts,2025-09-08T00:00:00Z,2025-09-08T00:00:00Z,36,56,193.0,[-93.6496023  41.5997809],,"[{'category': None, 'description': None, 'entity_id': 'ZeHH26CEArkjke3JAQmHGw', 'formatted_address': None, 'labels': None, 'name': 'The Messthetics', 'recurring': None, 'timezone': None, 'type': 'organization'}
 {'category': None, 'description': None, 'entity_id': 'bpQTP2fgzJzTCBCKJuVgmW', 'formatted_address': None, 'labels': None, 'name': 'James Brandon Lewis', 'recurring': None, 'timezone': None, 'type': 'person'}
 {'category': None, 'description': None, 'entity_id': 'WM9gauVQiqtX5XX9dtPsQQ', 'formatted_address': '1159 24th St, Des Moines, IA 50311, USA', 'labels': None, 'name': 'xBk Live', 'recurring': None, 'timezone': None, 'type': 'venue'}]",0,2025-12-05T22:54:55Z
7e7YFfAMRpPdZtEan6,Hot Chip,concerts,2025-09-08T00:00:00Z,2025-09-08T00:00:00Z,54,52,1588.0,[-73.9891566  40.7317767],,"[{'category': None, 'description': None, 'entity_id': 'bH24JAajrrkyLaZY9Bmqm7', 'formatted_address': None, 'labels': None, 'name': 'Hot Chip', 'recurring': None, 'timezone': None, 'type': 'organization'}
 {'category': None, 'description': None, 'entity_id': 'aSBy4sve3txjuQ5bzZtQuh', 'formatted_address': '125 E 11th St, New York, NY 10003, USA', 'labels': None, 'name': 'Webster Hall', 'recurring': None, 'timezone': None, 'type': 'venue'}]",0,2025-12-03T13:01:08Z
7mGYrVdMGdEJGXZ4Ck,Quintron and Miss Pussycat and The Border-Lander,concerts,2025-09-08T00:00:00Z,2025-09-08T00:00:00Z,38,62,264.0,[-86.7779837  36.1521981],,"[{'category': None, 'description': None, 'entity_id': 'JPj8zJbcQcdQ4ydPFQxeX2', 'formatted_address': None, 'labels': None, 'name': 'The Border-Lander', 'recurring': None, 'timezone': None, 'type': 'organization'}
 {'category': None, 'description': None, 'entity_id': '3744THCFz4hgyTK5a7kMrvW', 'formatted_address': None, 'labels': None, 'name': 'Quintron and Miss Pussycat', 'recurring': None, 'timezone': None, 'type': 'organization'}
 {'category': None, 'description': None, 'entity_id': 'q7P9Jbzhtdz3ULeEsQUfSR', 'formatted_address': '623 7th Ave S, Nashville, TN 37203, USA', 'labels': None, 'name': 'Third Man Records', 'recurring': None, 'timezone': None, 'type': 'venue'}]",0,2025-09-22T00:08:14Z
7rSLcNwh2ptuhCxtEN,Mac DeMarco,concerts,2025-09-08T00:00:00Z,2025-09-08T00:00:00Z,64,65,4969.0,[-73.9799772  40.759976 ],,"[{'category': None, 'description': None, 'entity_id': 'L4aYz6nFMZAqAGh8CXSTi5', 'formatted_address': None, 'labels': None, 'name': 'Mac DeMarco', 'recurring': None, 'timezone': None, 'type': 'person'}
 {'category': None, 'description': None, 'entity_id': 'RAfWPmaNCvNU8A4sV3E4Vr', 'formatted_address': '1260 6th Ave, New York, NY 10020, USA', 'labels': None, 'name': 'Radio City Music Hall', 'recurring': None, 'timezone': None, 'type': 'venue'}
 {'category': 'concerts', 'description': None, 'entity_id': 'irTIINHGPJvrFRL9LXBIyw', 'formatted_address': None, 'labels': array(['concert', 'residency'], dtype=object), 'name': 'Mac DeMarco at Radio City Music Hall', 'recurring': None, 'timezone': None, 'type': 'event-group'}]",0,2025-11-25T11:54:08Z
7xCxE67KufXsqgXt4r,Jazz Night at Moonlight,concerts,2025-09-08T00:00:00Z,2025-09-08T04:00:00Z,44,51,507.0,[-77.0414918  38.9199937],,"[{'category': None, 'description': None, 'entity_id': 'wCN9p2TChtgk6CZrHEhMyB', 'formatted_address': '2309 18th St NW #18th, Washington, DC 20009, USA', 'labels': None, 'name': '2309 18th St NW', 'recurring': None, 'timezone': None, 'type': 'venue'}
 {'category': 'concerts', 'description': 'Come enjoy the longest-running jazz gig in DC at a historic venue for free every Wednesday, Thursday & Sunday, from eight to late!', 'entity_id': 'cv438gGhkJsnqMVnYUgZsE', 'formatted_address': '2327 18th Street Northwest, Washington, DC 20009, United States', 'labels': array(['concert', 'event-group', 'music'], dtype=object), 'name': 'Jazz Night at Moonlight', 'recurring': None, 'timezone': 'America/New_York', 'type': 'event-group'}]",14400,2025-09-22T00:05:41Z
7xR3ikcPdkWAJXSXuC,Sunset DJ  at the Gold Bar Distillery (Every Sunday),concerts,2025-09-08T00:00:00Z,2025-09-08T03:00:00Z,37,45,217.0,[-122.370686    37.8172234],,"[{'category': 'concerts', 'description': 'Unwind with soulful deep house beats, craft cocktails, and elevated bar bites at the Gold Bar Distillery & Tasting Room on Treasure Island.', 'entity_id': 'FfpsCE7VEqArUK7etN5VfS', 'formatted_address': '1 Avenue of the Palms, San Francisco, CA 94130, United States', 'labels': array(['concert', 'event-group', 'food', 'music'], dtype=object), 'name': 'Sunset DJ  at the Gold Bar Distillery (Every Sunday)', 'recurring': None, 'timezone': 'America/Los_Angeles', 'type': 'event-group'}]",10800,2025-09-22T00:04:41Z
84XYRhSFk33JqXQeFj,"Swingin'On A Star at the Lake Como Pavilion, Sunday, 9/7",concerts,2025-09-08T00:00:00Z,2025-09-08T01:30:00Z,33,55,144.0,[-93.14296  44.98227],,[],5400,2025-09-22T00:08:48Z
883HoVM7eFdSfUyJw3,Mary Hood at Purgatory,concerts,2025-09-08T00:00:00Z,2025-09-08T00:00:00Z,43,47,460.0,[-73.90575  40.68724],,"[{'category': None, 'description': None, 'entity_id': 'mtMQgrM29xH963pftU4cRi', 'formatted_address': None, 'labels': None, 'name': 'Mary Hood', 'recurring': None, 'timezone': None, 'type': 'organization'}
 {'category': None, 'description': None, 'entity_id': 'cjxmNibzZj6w7xDgq82s4U', 'formatted_address': '675 Central Avenue, New York (NYC), NY 11207, United States of America', 'labels': None, 'name': 'Purgatory', 'recurring': None, 'timezone': None, 'type': 'venue'}]",0,2025-12-06T21:11:40Z
8P6UpGhziUgnipiFXA,Knoll,concerts,2025-09-08T00:00:00Z,2025-09-08T00:00:00Z,35,57,178.0,[-89.996858   35.1420657],,"[{'category': None, 'description': None, 'entity_id': 'iNRpFVUtvjrwWGdD6BvWe', 'formatted_address': None, 'labels': None, 'name': 'Knoll', 'recurring': None, 'timezone': None, 'type': 'organization'}
 {'category': None, 'description': None, 'entity_id': '354kALRRjTS7Xt7NPcHZh7d', 'formatted_address': '1911 Poplar Ave, Memphis, TN 38104, USA', 'labels': None, 'name': 'Growlers', 'recurring': None, 'timezone': None, 'type': 'venue'}]",0,2025-11-29T04:24:42Z
8W8KwD6tFjcZApoCQj,Bob Ross + Metal: Drink & Draw Night,concerts,2025-09-08T00:00:00Z,2025-09-08T04:00:00Z,33,53,139.0,[-81.3667671  28.5437851],,"[{'category': 'concerts', 'description': 'Drink & Draw with us if you dare and experience the true power of Bob Ross + Metal!', 'entity_id': 'FmnsWjJBRjKeRQ3JFzSLJG', 'formatted_address': '819 East Washington Street, Orlando, FL 32801, United States', 'labels': array(['concert', 'event-group', 'music'], dtype=object), 'name': 'Bob Ross + Metal: Drink & Draw Night', 'recurring': None, 'timezone': 'America/New_York', 'type': 'event-group'}]",14400,2025-09-22T00:13:59Z
8iBLvmC7isvqnb9aZE,Be'lakor,concerts,2025-09-08T00:00:00Z,2025-09-08T00:00:00Z,39,50,289.0,[-75.1587634  39.9589395],,"[{'category': None, 'description': None, 'entity_id': 'YDRhguLSYKqzSW6bk2TtPm', 'formatted_address': None, 'labels': None, 'name': ""Be'lakor"", 'recurring': None, 'timezone': None, 'type': 'organization'}
 {'category': None, 'description': None, 'entity_id': 'spUFhn3qxuTf9fDmqKHLTT', 'formatted_address': '1200 Callowhill St, Philadelphia, PA 19107, USA', 'labels': None, 'name': 'Underground Arts', 'recurring': None, 'timezone': None, 'type': 'venue'}]",0,2025-12-06T01:54:31Z
8jkMDCdhDMmEe9mKQJ,Deer Tick in Marshfield,concerts,2025-09-08T00:00:00Z,2025-09-08T04:00:00Z,35,62,177.0,[-90.1718   44.66885],,[],14400,2025-10-07T01:20:14Z
5csTJ9bnxXAUatrGgd,MONSTER NIGHT,festivals,2025-09-08T00:00:00Z,2025-09-08T05:00:00Z,42,57,397.0,[-117.8555046   33.7596749],,[],18000,2025-08-29T01:39:51Z
5h794QBhyRgBwFaT49,Blues Old Stand,festivals,2025-09-08T00:00:00Z,2025-09-08T00:00:00Z,36,57,206.0,[-90.06257  29.9655 ],,[],0,2025-10-07T00:49:28Z
5ouFdK8dH9SvHrZh3x,Lilly Winwood + Lauren Morrow LIVE at Callaghan's Irish Social Club,festivals,2025-09-08T00:00:00Z,2025-09-08T00:00:00Z,43,67,468.0,[-88.05457  30.68273],,[],0,2025-10-07T00:49:42Z
8gvH6sZnswsMhymhji,"Soulpiano Tour With TxC, Los Angeles",festivals,2025-09-08T00:00:00Z,2025-09-08T11:00:00Z,45,56,593.0,[-118.24797   34.0508 ],,[],39600,2025-09-07T23:23:46Z
8kaffq7BAmaJEkuo8b,Comedy Night with Laura Sanders!,festivals,2025-09-08T00:00:00Z,2025-09-08T00:00:00Z,42,71,406.0,[-87.21331  30.40974],,[],0,2025-07-27T02:52:51Z
AXftFbrfoC4cbgk3Rz,Afterglow Jam Session: A Midwest Banjo Fest Event,festivals,2025-09-08T00:00:00Z,2025-09-08T00:00:00Z,41,61,366.0,[-91.25313  43.81587],,[],0,2025-07-20T04:26:56Z
BB898LHSUJt3zcqaEK,Shake Baby Shake,festivals,2025-09-08T00:00:00Z,2025-09-08T02:00:00Z,39,63,289.0,[-87.87565  41.79133],,[],7200,2025-07-06T01:56:11Z
BuccAVELP9tr63HmNV,HOPEFEST,festivals,2025-09-08T00:00:00Z,2025-09-08T04:00:00Z,48,78,814.0,[-98.1125   32.81001],,[],14400,2025-07-20T02:39:51Z
CEvawY9X3omQXiqEti,Silly Manners Secret Speakeasy Sun Sept 7th 8pm,festivals,2025-09-08T00:00:00Z,2025-09-08T02:00:00Z,31,31,114.0,[-73.9976946  40.7250632],,[],7200,2025-09-22T00:11:15Z
CTKXHaRikvvHM6C7Z8,Brownsmead Cornfeed with the Brownsmead Flats,festivals,2025-09-08T00:00:00Z,2025-09-08T02:00:00Z,36,73,200.0,[-123.5578365   46.2146563],,[],7200,2025-08-21T12:37:01Z
FaxRWBuARrx2cz4htJ,The Quorum Poets Present Featured Poet Laura Secord and Open Mic,festivals,2025-09-08T00:00:00Z,2025-09-08T00:00:00Z,44,71,482.0,[-86.74792  33.5294 ],,[],0,2025-09-07T04:51:35Z
GfwznsPAYRyECbSwbc,FREE! Open Mic Night at Trout Lake Hall,festivals,2025-09-08T00:00:00Z,2025-09-08T00:00:00Z,43,78,425.0,[-121.5394    46.00209],,[],0,2025-06-15T03:11:05Z
HnPJ6VSyqqhB6Hp9eA,Rodney Norman!,festivals,2025-09-08T00:00:00Z,2025-09-08T00:00:00Z,43,67,433.0,[-92.38831  34.76585],,[],0,2025-09-08T01:02:49Z
T477AoUoqTBGG4uXKr,Full Moon Celebration,festivals,2025-09-08T00:00:00Z,2025-09-08T01:00:00Z,34,32,154.0,[-73.9779827  40.7253003],,[],3600,2025-08-09T03:24:35Z
aVVDRwASFU3tMJon2m,Falguni Pathak Live Dandiya 2025,festivals,2025-09-08T00:00:00Z,2025-09-08T04:00:00Z,45,71,562.0,[-104.85371   39.36428],,[],14400,2025-10-07T23:32:17Z
6ipoeyV4zkoyHVGPqX,The Pride After Party!,festivals,2025-09-08T00:30:00Z,2025-09-08T00:30:00Z,39,66,289.0,[-108.57143   39.06749],,[],0,2025-10-07T00:52:09Z
5D44BvkCDc57cJCyHH,Share Your Harvest Festival at Pearl Creek!,festivals,2025-09-08T01:00:00Z,2025-09-08T01:00:00Z,43,75,445.0,[-147.81505   64.8912 ],,[],0,2025-10-07T10:30:26Z
7oZwFbbgvww4CrvgDh,Blues Night and Art Fair,festivals,2025-09-08T01:00:00Z,2025-09-08T06:30:00Z,44,59,481.0,[-118.3622126   34.1438311],,[],19800,2025-09-01T01:05:57Z
7vRQcEfQW423W63fTX,Jasmine Dennis & Cruise Control @ Rodeo 72,festivals,2025-09-08T01:00:00Z,2025-09-08T04:00:00Z,37,52,213.0,[-117.99302   33.77512],,[],10800,2025-09-08T01:37:23Z
BM7oMWUG9aUPR8g8FW,Miami Party EXPERIENCE *3HR Yacht Party + Party Bus + Nightclub,festivals,2025-09-08T01:00:00Z,2025-09-08T05:00:00Z,39,49,285.0,[-80.1867938  25.7784025],,"[{'category': 'festivals', 'description': 'Welcome to the Littest Booze Cruise/ Miami Yacht Party Experience in the 305! Unlimited Liquor* Live DJ* Food*Dancing, Hip Hop & More!!', 'entity_id': 'yE3Wids8nnReNVUSAZe83w', 'formatted_address': '401 Biscayne Boulevard, Miami, FL 33132, United States', 'labels': array(['event-group', 'festival', 'food'], dtype=object), 'name': 'Miami Party EXPERIENCE *3HR Yacht Party + Party Bus + Nightclub', 'recurring': None, 'timezone': 'America/New_York', 'type': 'event-group'}]",14400,2025-09-26T03:32:12Z
CKriHJofdAPR6tBjTb,Reunion Concert:Lande-Walker-Church-Lewis,festivals,2025-09-08T01:00:00Z,2025-09-08T01:00:00Z,42,64,386.0,[-105.08902   39.98659],,[],0,2025-07-27T03:04:19Z
CvQp99B6ns6oXCokqp,Taste Fest,festivals,2025-09-08T01:00:00Z,2025-09-08T07:00:00Z,39,59,286.0,[-87.7862   42.72623],,[],21600,2025-10-07T09:18:45Z
GVVXtSLHbSZS4SU7ZN,Sander Pinheiro Quartet,festivals,2025-09-08T01:00:00Z,2025-09-08T01:00:00Z,41,62,362.0,[-97.71479  30.25811],,[],0,2025-08-17T03:48:50Z
hhqVK79HesTLkwS4DY,"Good Time Charlie at Colonial Oak Music Park, Sun 9/7 at 9pm",festivals,2025-09-08T01:00:00Z,2025-09-08T01:00:00Z,45,68,533.0,[-81.31305  29.89669],,[],0,2025-09-07T04:05:54Z
4GmRduGuFUC55p3JEy,"Society Hall Hosts Fundraiser for HDMG with Pat Byrne, Susan Gibson, Walt Wilkins and Don Richmond!",festivals,2025-09-08T01:30:00Z,2025-09-08T01:30:00Z,48,76,819.0,[-105.8699    37.46907],,[],0,2025-07-27T02:50:05Z
FYuzRJBWhwywBwiQSk,District 909 Acoustic Duo @123 Farm Lavender Nights,festivals,2025-09-08T01:30:00Z,2025-09-08T03:30:00Z,41,67,354.0,[-116.94378   33.96802],,[],7200,2025-10-07T01:35:34Z
HjQvJfif4mPSuf9WiB,Soul Fair: A Mental Health Pop-Up,festivals,2025-09-08T01:30:00Z,2025-09-08T03:30:00Z,40,60,299.0,[-119.013248   35.376411],,[],7200,2025-09-04T10:59:09Z
K5WWvP9UaYb6z42y3B,Healing service for your medical conditions,festivals,2025-09-08T01:30:00Z,2025-09-08T04:00:00Z,28,50,84.0,[-122.324361    47.7405898],,"[{'category': 'festivals', 'description': 'Do you have medical conditions and you want to be healed? Come to our healing service. Jesus wants to heal you and makes you whole again.', 'entity_id': '34TGSjjYhiNfj2mQLi2T2LG', 'formatted_address': '15415 5th Avenue Northeast, Shoreline, WA 98155, United States', 'labels': array(['event-group', 'festival', 'health'], dtype=object), 'name': 'Healing service for your medical conditions', 'recurring': None, 'timezone': 'America/Los_Angeles', 'type': 'event-group'}]",9000,2025-08-08T18:31:41Z
6rnUCEgoGfAAmB53cu,NICK & SHAE @ OSF GREEN SHOW,festivals,2025-09-08T01:45:00Z,2025-09-08T02:30:00Z,34,59,152.0,[-122.71454   42.19661],,[],2700,2025-09-07T05:07:39Z
7t9Ct4VyuLyBCusjR2,"Stevie B Presents: Spring Love Music Festival - Wheatland, CA",festivals,2025-09-08T02:00:00Z,2025-09-08T02:00:00Z,41,59,351.0,[-121.50115   38.58134],,[],0,2025-07-09T08:34:58Z
EYkgaTeZLNCMLgc9wb,82 Deluxe | Sunday Night,festivals,2025-09-08T02:00:00Z,2025-09-08T06:30:00Z,39,63,291.0,[-120.642   35.14 ],,[],16200,2025-10-07T20:46:20Z
5XHSngSxr9CBdtBiko,Klezmer Starts Here! A Benefit for La Resistencia,festivals,2025-09-08T02:30:00Z,2025-09-08T02:30:00Z,40,59,305.0,[-122.28396   47.55676],,[],0,2025-08-17T02:38:37Z
4CNVbqBYuqkiqqQGGw,Peddler's Village Scarecrows in the Village,festivals,2025-09-08T04:00:00Z,2025-10-27T03:59:59Z,67,100,7000.0,[-75.029855  40.347589],,"[{'category': 'festivals', 'description': None, 'entity_id': '32RXAnJ26RQU7YUFtNuwgid', 'formatted_address': '2400 Street Rd, New Hope, PA 18938, USA', 'labels': array(['event-group', 'festival', 'recurring'], dtype=object), 'name': 'Peddlers Village Scarecrows', 'recurring': {'ical': 'DTSTART;VALUE=DATE-TIME:20240909T000000\nRRULE:FREQ=YEARLY;INTERVAL=1'}, 'timezone': None, 'type': 'event-group'}]",4233599,2025-09-28T03:45:29Z
8a6nMyaWYAqyi9HBQe,Tampa Bay Fall Job Fair,festivals,2025-09-08T04:00:00Z,2025-09-09T03:59:59Z,60,79,3000.0,[-82.64109871  27.77677059],,[],86399,2025-09-30T20:24:26Z
BLt99UEbubYJLfhxdT,THMPR live at St. Johns Music Festival,festivals,2025-09-08T04:00:00Z,2025-09-08T04:00:00Z,39,59,275.0,[-122.75525   45.59105],,[],0,2025-09-07T03:12:22Z
DykixeJX3YBQZ7pU3X,Wyandot County Fair,festivals,2025-09-08T04:00:00Z,2025-09-14T03:59:59Z,76,100,20000.0,[-83.2793204   40.84473109],,[],518399,2025-08-06T22:21:22Z
GCtBGyzbKGyXub4SaA,Washington County Fair,festivals,2025-09-08T04:00:00Z,2025-09-14T03:59:59Z,80,100,31000.0,[-82.01599498  36.70016895],,[],518399,2025-06-03T21:14:08Z
43cU7k4tuHBdEQCctz,North Alabama State Fair,festivals,2025-09-08T05:00:00Z,2025-09-15T04:59:59Z,77,100,23000.0,[-87.6650844   34.71888396],,[],604799,2025-08-06T22:22:13Z
9w5T6sJ5i7KFFBUC7H,Kay County Free Fair,festivals,2025-09-08T05:00:00Z,2025-09-15T04:59:59Z,82,100,40000.0,[-97.28145526  36.79723345],,[],604799,2025-08-20T22:32:30Z
CfyUfDzchCYUXiYXmS,Henderson County Free Fair,festivals,2025-09-08T05:00:00Z,2025-09-14T04:59:59Z,88,100,80000.0,[-88.39301457  35.64671911],,"[{'category': 'festivals', 'description': None, 'entity_id': 'gL6kBjeWYcfEDU5wM7xUQY', 'formatted_address': '25 Fairgrounds Dr, Lexington, TN 38351, USA', 'labels': array(['event-group', 'festival', 'recurring'], dtype=object), 'name': 'Henderson County Fair', 'recurring': {'ical': 'DTSTART;VALUE=DATE-TIME:20230911T000000\nRRULE:FREQ=YEARLY;INTERVAL=1'}, 'timezone': None, 'type': 'event-group'}]",518399,2025-09-21T00:31:56Z
CnbMwNVrxLryuD5bUn,111th Annual Belmont School and Community Fair,festivals,2025-09-08T05:00:00Z,2025-09-15T04:59:59Z,55,88,1773.0,[-90.32621  42.74266],,[],604799,2025-07-27T02:16:12Z
GY8j7DUHPQ6S2hq8QC,Golf Classic,festivals,2025-09-08T07:00:00Z,2025-09-09T06:59:59Z,38,66,250.0,[-120.813282   37.781994],,[],86399,2025-08-11T00:52:56Z
Er5s57bHPtTHhjovkN,Everri Jewelry Sample Sale - by appointment,festivals,2025-09-08T14:00:00Z,2025-09-08T14:30:00Z,34,35,162.0,[-73.9938181  40.7448054],,"[{'category': 'festivals', 'description': 'Shop the Everri Sample Sale â€“ limited-time jewelry deals, cool AC, and exclusive time slots. Book now before they fill up!', 'entity_id': 'cjSrdai8AWxSUCw4779Xzj', 'formatted_address': '150 West 25th Street #8th floor, New York, NY 10001, United States', 'labels': array(['event-group', 'festival'], dtype=object), 'name': 'Everri Jewelry Sample Sale - by appointment', 'recurring': None, 'timezone': 'America/New_York', 'type': 'event-group'}]",1800,2025-09-07T06:08:28Z
4Dw9q9ac96QgmpYjkp,South Gate Certified Farmers Market,festivals,2025-09-08T15:30:00Z,2025-09-08T20:30:00Z,40,53,307.0,[-118.18367815   33.94206025],,"[{'category': 'festivals', 'description': None, 'entity_id': '8k8kku8CwsfC3q5hEARpr9', 'formatted_address': None, 'labels': array(['community', 'event-group', 'festival'], dtype=object), 'name': 'South Gate Certified Farmers Market', 'recurring': None, 'timezone': 'America/Los_Angeles', 'type': 'event-group'}]",18000,2025-12-01T22:32:42Z
6kaTH7SEYWQ8YiUcvK,Helen Albert Farmers' Market,festivals,2025-09-08T16:00:00Z,2025-09-08T21:00:00Z,39,50,292.0,[-118.35118342   34.09410422],,"[{'category': 'festivals', 'description': None, 'entity_id': 'werxzFeHCJRNHbpiVgSRnr', 'formatted_address': None, 'labels': array(['community', 'event-group', 'festival'], dtype=object), 'name': ""Helen Albert Farmers' Market"", 'recurring': None, 'timezone': 'America/Los_Angeles', 'type': 'event-group'}]",18000,2025-12-01T21:44:38Z
BpxFJoGTvW2KvNQDvc,Gardena FM presented by Kaiser Permanente,festivals,2025-09-08T17:00:00Z,2025-09-08T21:00:00Z,37,52,213.0,[-118.30829875   33.89054502],,"[{'category': 'festivals', 'description': None, 'entity_id': 'uxU2pW5MxjAFfjVcnYRK7z', 'formatted_address': None, 'labels': array(['community', 'event-group', 'festival'], dtype=object), 'name': 'Gardena FM presented by Kaiser Permanente', 'recurring': None, 'timezone': 'America/Los_Angeles', 'type': 'event-group'}]",14400,2025-12-01T21:40:37Z
3At5q4hfNkSKK5ScW6,39th Annual Creative Arts Festival at Menlo Park,festivals,2025-09-08T17:30:00Z,2025-09-12T20:30:00Z,43,64,439.0,[-122.18466   37.45103],,[],356400,2025-10-07T19:00:15Z
3NYGWQbgsupfmvD5Jf,Fall Arts Festival Event at The Perch,festivals,2025-09-08T19:00:00Z,2025-09-08T21:00:00Z,37,62,212.0,[-110.76682   43.48159],,[],7200,2025-09-07T03:53:37Z
5JggZomqjYzGtnJsEU,Food Truck Festival,festivals,2025-09-08T20:00:00Z,2025-09-08T23:00:00Z,42,69,377.0,[-78.4383   41.01798],,[],10800,2025-08-17T04:14:34Z
CfqU7N4txsLeZicMY9,Spirit Week: A 5-Day Homecoming Celebration,festivals,2025-09-08T20:00:00Z,2025-09-08T20:00:00Z,47,61,699.0,[-76.99457  38.93034],,[],0,2025-07-20T02:37:30Z
39a7m88EkBqCWcQnhS,NEW BREED WRESTLING PRESENTS - Long Live the King,sports,2025-09-08T00:00:00Z,2025-09-08T00:00:00Z,30,53,100.0,[-98.11137  26.18226],,[],0,2025-10-08T00:43:59Z
4SuHvVEPciPqWTDvKe,Comunicaciones v Municipal,sports,2025-09-08T00:00:00Z,2025-09-08T00:00:00Z,73,84,14409.0,[-118.2841482   34.0126382],,"[{'category': None, 'description': None, 'entity_id': 'LNfPxyA4AStUUhFuW5jWAQ', 'formatted_address': None, 'labels': None, 'name': 'Comunicaciones of Guatemala', 'recurring': None, 'timezone': None, 'type': 'organization'}
 {'category': None, 'description': None, 'entity_id': 'sRFAUAryZdiy6GgC87CwCA', 'formatted_address': '3939 S Figueroa St, Los Angeles, CA 90037, USA', 'labels': None, 'name': 'BMO Stadium', 'recurring': None, 'timezone': None, 'type': 'venue'}]",0,2025-10-09T09:46:06Z
4fK7rqwjouLdqN7Gdi,Texas A&M Aggies vs TCU Horned Frogs Womens Soccer,sports,2025-09-08T00:00:00Z,2025-09-08T00:00:00Z,0,0,,[-97.3685395  32.7026833],,"[{'category': None, 'description': None, 'entity_id': 'WZfQKjGAsNwAtR8B3eNaBm', 'formatted_address': None, 'labels': None, 'name': 'TCU Horned Frogs Womens Soccer', 'recurring': None, 'timezone': None, 'type': 'organization'}
 {'category': None, 'description': None, 'entity_id': '38KaDu45cffLgTZ3rnCNFtm', 'formatted_address': None, 'labels': None, 'name': 'Texas A&M Aggies Womens Soccer', 'recurring': None, 'timezone': None, 'type': 'organization'}
 {'category': None, 'description': None, 'entity_id': 'E8myq7XC8uR3AfjiwzY5R6', 'formatted_address': '3600 W Berry St, Fort Worth, TX 76109, USA', 'labels': None, 'name': 'Garvey-Rosenthal Soccer Stadium', 'recurring': None, 'timezone': None, 'type': 'venue'}]",0,2025-09-07T12:08:53Z
9mnsBR2c3ZA6MgnfTD,Portland Timbers 2 vs The Town FC,sports,2025-09-08T00:00:00Z,2025-09-08T00:00:00Z,62,88,3829.0,[-122.1058922   37.841907 ],,"[{'category': None, 'description': None, 'entity_id': 'LYrxKtStSabnTE7BYbL2jE', 'formatted_address': None, 'labels': None, 'name': 'Portland Timbers II', 'recurring': None, 'timezone': None, 'type': 'organization'}
 {'category': None, 'description': None, 'entity_id': '8d6etczgSq5hJAtVcBt8yB', 'formatted_address': None, 'labels': None, 'name': 'The Town FC', 'recurring': None, 'timezone': None, 'type': 'organization'}
 {'category': None, 'description': None, 'entity_id': 'y4Bw6HnV3z7dmnmk2NsS73', 'formatted_address': 'Moraga, CA, United States of America', 'labels': None, 'name': 'Saint Mary s Stadium', 'recurring': None, 'timezone': None, 'type': 'venue'}]",0,2025-10-09T20:47:06Z
Ap248BYHvBH9KAzDcd,Vanguard Weekly,sports,2025-09-08T00:00:00Z,2025-09-08T03:00:00Z,30,52,100.0,[-98.22483  26.23571],,[],10800,2025-09-07T03:40:32Z
Cx48dDJi9woowfArZk,Sunday YuGiOh Locals,sports,2025-09-08T00:00:00Z,2025-09-08T03:00:00Z,30,53,100.0,[-88.16721  41.69564],,[],10800,2025-09-07T23:06:54Z
D2q6VcUNpAb9HS47zL,Roundtable Pro Wrestling Presents: Bar Wars 4 Divine Sinners,sports,2025-09-08T00:00:00Z,2025-09-08T00:00:00Z,30,52,100.0,[-122.67079   45.62607],,"[{'category': None, 'description': None, 'entity_id': 'jcVGraQgStCHNCAGrX7YHb', 'formatted_address': '606 Broadway St, Vancouver, WA 98660, USA', 'labels': None, 'name': ""Georgie's Garage & Grill"", 'recurring': None, 'timezone': None, 'type': 'venue'}]",0,2025-10-07T00:55:52Z
DV3Q6DfBy6HPi5mt2R,Full Moon Paddle,sports,2025-09-08T00:00:00Z,2025-09-08T03:00:00Z,30,61,100.0,[-86.76195  33.3221 ],,[],10800,2025-10-07T08:54:20Z
Dh6ry6bS4R9ZM4U8qQ,Game Night Live Trivia at X-Golf Boise,sports,2025-09-08T00:00:00Z,2025-09-08T02:00:00Z,30,53,100.0,[-116.2832    43.61049],,[],7200,2025-08-10T04:29:22Z
F8c4CkpoudoSFkcrbp,Sunday Lower Level Pool Tournament,sports,2025-09-08T00:00:00Z,2025-09-08T01:00:00Z,30,57,100.0,[-94.19829  46.35565],,[],3600,2025-09-07T04:01:12Z
Fa25VGJTREGUX7Em7z,Sunday Trophy League Tournament,sports,2025-09-08T00:00:00Z,2025-09-08T00:00:00Z,30,52,100.0,[-88.091972  41.552795],,"[{'category': None, 'description': None, 'entity_id': 'WdNsa7aC3pCEExbDMd9VNN', 'formatted_address': '362 Theodore St, Crest Hill, IL 60403, USA', 'labels': None, 'name': ""Paddy's"", 'recurring': None, 'timezone': None, 'type': 'venue'}]",0,2025-09-07T04:02:03Z
G4o88Zuck2dpjQSr5v,UC Riverside Highlanders vs San Diego Toreros Womens Soccer,sports,2025-09-08T00:00:00Z,2025-09-08T00:00:00Z,64,83,4760.0,[-117.1836314   32.773113 ],,"[{'category': None, 'description': None, 'entity_id': '39AKwijsYm4hCW3p9dUfbe5', 'formatted_address': None, 'labels': None, 'name': 'San Diego Toreros Womens Soccer', 'recurring': None, 'timezone': None, 'type': 'organization'}
 {'category': None, 'description': None, 'entity_id': 'bVDwjEQFjmgCvnrT8EgAYu', 'formatted_address': None, 'labels': None, 'name': 'UC Riverside Highlanders Womens Soccer', 'recurring': None, 'timezone': None, 'type': 'organization'}
 {'category': None, 'description': None, 'entity_id': 'CXyJPjBRnFgdfXP9LzkHDu', 'formatted_address': '5998 Alcala Park Way, San Diego, CA 92111, USA', 'labels': None, 'name': 'Torero Stadium', 'recurring': None, 'timezone': None, 'type': 'venue'}]",0,2025-09-08T02:46:28Z
GMnWoC3BBo4ap3sZUu,Sunday DragonBall Super: Fusion World,sports,2025-09-08T00:00:00Z,2025-09-08T03:00:00Z,30,50,100.0,[-117.17375   33.56272],,[],10800,2025-09-07T03:16:08Z
GbDNmLMgkb6U4Zweev,Cornhole Tournaments EVERY Sunday,sports,2025-09-08T00:00:00Z,2025-09-08T03:00:00Z,30,54,100.0,[-77.45889  38.30222],,[],10800,2025-09-07T02:43:32Z
QzhGwonmXPjUmC6p3k,Lorcana Tournament,sports,2025-09-08T00:00:00Z,2025-09-08T00:01:00Z,30,63,100.0,[-132.38248   56.47075],,[],60,2025-09-07T02:50:04Z
HjSdSoFPFEh5GVVXnx,Baltimore Ravens vs Buffalo Bills,sports,2025-09-08T00:20:00Z,2025-09-08T03:38:06Z,87,100,70745.0,[-78.7870161  42.7736971],,"[{'category': None, 'description': None, 'entity_id': 'htdWsNKcpWWLjv8AN99nee', 'formatted_address': None, 'labels': None, 'name': 'Baltimore Ravens', 'recurring': None, 'timezone': None, 'type': 'organization'}
 {'category': None, 'description': None, 'entity_id': 'f3a8AmiW88cXzNDCBBAgJ6', 'formatted_address': None, 'labels': None, 'name': 'Buffalo Bills', 'recurring': None, 'timezone': None, 'type': 'organization'}
 {'category': None, 'description': None, 'entity_id': 'WzELqGN2rqHbJFVq2KVWA3', 'formatted_address': '1 Bills Dr, Orchard Park, NY 14127, USA', 'labels': None, 'name': 'Highmark Stadium', 'recurring': None, 'timezone': None, 'type': 'venue'}]",11886,2025-12-05T18:11:33Z
WqgHUnA9XNxcw4Wwum,Last Home Opener @ The Ralph,sports,2025-09-08T00:20:00Z,2025-09-08T00:20:00Z,30,59,100.0,[-85.64355  42.67092],,[],0,2025-09-07T03:10:17Z
3aaru5VzXtiu2vfVTf,Owensboro Men's League Ice Hockey,sports,2025-09-08T00:30:00Z,2025-09-08T03:30:00Z,30,55,100.0,[-87.12519  37.76372],,[],10800,2025-09-07T23:21:53Z
4YXS49gEhvqqtxBr6h,Sunday Dart Tournament,sports,2025-09-08T00:30:00Z,2025-09-08T03:30:00Z,30,60,100.0,[-124.18174   41.74819],,[],10800,2025-09-07T04:48:00Z
4qSrDHHFGArWMrCDW2,? 901 Wrestling After Party at Lucchesi's Beer Garden,sports,2025-09-08T00:30:00Z,2025-09-08T00:30:00Z,30,54,100.0,[-89.95017  35.12961],,[],0,2025-10-07T01:56:32Z
5npTXDj84ahBYvd4Er,CF Vanguard Weekly Tournament,sports,2025-09-08T00:30:00Z,2025-09-08T04:30:00Z,30,49,100.0,[-121.66795   36.70216],,[],14400,2025-09-07T02:46:37Z
63jqLPArezzDtmsnQQ,Digimon Weekly Tournaments,sports,2025-09-08T00:30:00Z,2025-09-08T03:00:00Z,30,59,100.0,[-94.42614  35.34315],,[],9000,2025-09-07T02:38:04Z
DgGarwdnC9uEvpAVDY,NWSL - Houston Dash vs San Diego Wave,sports,2025-09-08T00:30:00Z,2025-09-08T02:49:56Z,74,92,15626.0,[-117.1195716   32.7831122],,"[{'category': None, 'description': None, 'entity_id': 'efNUty9piVmcGYmmezWMfB', 'formatted_address': None, 'labels': None, 'name': 'Houston Dash', 'recurring': None, 'timezone': None, 'type': 'organization'}
 {'category': None, 'description': None, 'entity_id': 'AUeeqd4CbML8R4mnmea2p5', 'formatted_address': None, 'labels': None, 'name': 'San Diego Wave FC', 'recurring': None, 'timezone': None, 'type': 'organization'}
 {'category': None, 'description': None, 'entity_id': 'gBdYTTMpSKvujLMLRFU7RN', 'formatted_address': '9449 Friars Rd, San Diego, CA 92108, USA', 'labels': None, 'name': 'Snapdragon Stadium', 'recurring': None, 'timezone': None, 'type': 'venue'}]",8396,2025-10-09T17:17:06Z
GjeCekzHr33GfwXzvr,Bi-weekly Amateur Pinball Tournament!,sports,2025-09-08T00:30:00Z,2025-09-08T03:30:00Z,30,53,100.0,[-122.21011   47.83301],,[],10800,2025-08-31T02:36:36Z
YHCNtvKZAiUCvGmLgy,Lake Elsinore Storm vs Inland Empire 66Ers,sports,2025-09-08T00:35:00Z,2025-09-08T00:35:00Z,64,85,5293.0,[-117.2962679   34.0972572],,"[{'category': None, 'description': None, 'entity_id': 't6PNWDCjX4cmbWrd6eSJ6e', 'formatted_address': None, 'labels': None, 'name': 'Inland Empire 66Ers', 'recurring': None, 'timezone': None, 'type': 'organization'}
 {'category': None, 'description': None, 'entity_id': 'UAjWNrN3UM7Q2hpYxwnzvW', 'formatted_address': None, 'labels': None, 'name': 'Lake Elsinore Storm', 'recurring': None, 'timezone': None, 'type': 'organization'}
 {'category': None, 'description': None, 'entity_id': '9LKmqRVdcNYV9MakEmmTvZ', 'formatted_address': 'San Manuel Stadium, 280 S E St, San Bernardino, CA 92401, USA', 'labels': None, 'name': 'San Manuel Stadium', 'recurring': None, 'timezone': None, 'type': 'venue'}]",0,2025-09-09T01:09:36Z
3ga2rBRXuHNATXzxkP,Tournament Guest Badges,sports,2025-09-08T01:00:00Z,2025-09-08T01:00:00Z,30,53,100.0,[-90.28491  38.72283],,[],0,2025-08-17T01:08:55Z
7fX4cVaEHLbJrKrk4p,Angel City FC at NJ/NY Gotham FC,sports,2025-09-08T01:00:00Z,2025-09-08T01:00:00Z,30,41,100.0,[-74.1502  40.7368],,"[{'category': None, 'description': None, 'entity_id': '34EXUpVin44duKxvsKRTeM3', 'formatted_address': 'Harrison, NJ, United States of America', 'labels': None, 'name': 'Sport Illustrated Stadium', 'recurring': None, 'timezone': None, 'type': 'venue'}]",0,2025-10-09T22:23:48Z
A8dHLMJmtTXNHTuuth,LA Comedy Club - Julio Gonzalez (18+ Event),sports,2025-09-08T01:00:00Z,2025-09-08T01:00:00Z,0,0,,[-115.156    36.1473],,"[{'category': None, 'description': None, 'entity_id': 'LHFjxKFpcBV5mSWBWHGUj9', 'formatted_address': None, 'labels': None, 'name': 'Julio Gonzalez - Boxer', 'recurring': None, 'timezone': None, 'type': 'person'}
 {'category': None, 'description': None, 'entity_id': 'TePmJgSEJfnB7nP8heyfnC', 'formatted_address': '2000 South Las Vegas Boulevard, Las Vegas, 89104, United States of America', 'labels': None, 'name': 'LA Comedy Club', 'recurring': None, 'timezone': None, 'type': 'venue'}]",0,2025-06-17T21:06:53Z
BowcArUwqZGY6wmqzs,Chicago Sky vs Las Vegas Aces,sports,2025-09-08T01:00:00Z,2025-09-08T02:48:57Z,70,87,9646.0,[-115.1781463   36.102909 ],,"[{'category': None, 'description': None, 'entity_id': '37sGD6NC8XUcvtTH6GCnfdW', 'formatted_address': None, 'labels': None, 'name': 'Chicago Sky', 'recurring': None, 'timezone': None, 'type': 'organization'}
 {'category': None, 'description': None, 'entity_id': 'GGugujshz66KAMVZuaH4s6', 'formatted_address': None, 'labels': None, 'name': 'Las Vegas Aces', 'recurring': None, 'timezone': None, 'type': 'organization'}
 {'category': None, 'description': None, 'entity_id': 'iPV2ZwsiXcFC45suGF6vzT', 'formatted_address': '3780 Las Vegas Boulevard South, Las Vegas, NV 89158, United States of America', 'labels': None, 'name': 'T-Mobile Arena', 'recurring': None, 'timezone': None, 'type': 'venue'}]",6537,2025-10-24T05:04:17Z
CfRT5DjXXrafU6igQj,Aces vs Sky,sports,2025-09-08T01:00:00Z,2025-09-08T01:00:00Z,30,47,100.0,[-115.165    36.1134],,[],0,2025-06-29T02:09:35Z
E463iWMfnPtWhpSX4t,Fiestas Patrias??,sports,2025-09-08T01:00:00Z,2025-09-08T01:00:00Z,30,49,100.0,[-104.8811    39.76185],,[],0,2025-10-08T04:54:38Z
EMbXF97DMhi5MPbFBp,Lucha Libre Mexicana en vivo  Mascarita Sagrada,sports,2025-09-08T01:00:00Z,2025-09-08T01:00:00Z,30,44,100.0,[-118.27512   33.81778],,[],0,2025-09-07T04:10:14Z
EUQ6NN5udVoycYkEoY,UTEP Miners at Boise State Broncos Womens Soccer,sports,2025-09-08T01:00:00Z,2025-09-08T01:00:00Z,30,53,100.0,[-116.204    43.5941],,[],0,2025-10-07T01:09:13Z
H9KdnKxFJ6FNuBWEqm,Visalia Rawhide vs Stockton Ports,sports,2025-09-08T01:05:00Z,2025-09-08T01:05:00Z,60,79,3113.0,[-121.2973656   37.9550742],,"[{'category': None, 'description': None, 'entity_id': 'Pwdc6MHqezCM5NejNNn3XL', 'formatted_address': None, 'labels': None, 'name': 'Visalia Rawhide', 'recurring': None, 'timezone': None, 'type': 'organization'}
 {'category': None, 'description': None, 'entity_id': 'CvXereXRxEetsFn5TVXB5W', 'formatted_address': None, 'labels': None, 'name': 'Stockton Ports', 'recurring': None, 'timezone': None, 'type': 'organization'}
 {'category': None, 'description': None, 'entity_id': 'pKGJEyFTPGwSZgvzPznkXd', 'formatted_address': '404 W Fremont St, Stockton, CA 95203, USA', 'labels': None, 'name': 'Banner Island Ballpark', 'recurring': None, 'timezone': None, 'type': 'venue'}]",0,2025-09-09T02:14:18Z
HdZHg4H2Gmr4UyQ3do,Weekly MTG Casual Commander Tournament,sports,2025-09-08T02:00:00Z,2025-09-08T05:00:00Z,30,49,100.0,[-119.71297   36.80904],,[],10800,2025-09-07T02:38:15Z
J2c4cpexkkgMkkUW7M,Godzilla Card Game Weekly Tournament,sports,2025-09-08T02:00:00Z,2025-09-08T05:00:00Z,30,50,100.0,[-117.17375   33.56272],,[],10800,2025-09-07T02:47:29Z
67RuXB4NuaDWTdGPAc,Extreme Midget Wrestling,sports,2025-09-08T03:00:00Z,2025-09-08T03:00:00Z,30,58,100.0,[-80.627165  41.078325],,"[{'category': None, 'description': None, 'entity_id': 'puHZGBK9pbdjm9tsJyQKGz', 'formatted_address': '1639 Poland Ave, Youngstown, OH 44502, USA', 'labels': None, 'name': ""Papa's Sports Club"", 'recurring': None, 'timezone': None, 'type': 'venue'}]",0,2025-09-07T00:47:18Z
6HVrtj43j7aPc76ahN,Marian Women's Golf Invite - First Round,sports,2025-09-08T03:00:00Z,2025-09-08T03:00:00Z,30,57,100.0,[-88.476804   43.7535826],,"[{'category': None, 'description': None, 'entity_id': 'gkxieEbzviBADay3msaeyK', 'formatted_address': '560 W Rolling Meadows Dr, Fond du Lac, WI 54937, USA', 'labels': None, 'name': 'Rolling Meadows Golf Course', 'recurring': None, 'timezone': None, 'type': 'venue'}]",0,2025-09-07T02:41:50Z
A9tq6Vv36tAef2xhyr,Austin North Tournament,sports,2025-09-08T03:00:00Z,2025-09-08T03:00:00Z,30,51,100.0,[-97.69671  30.43848],,[],0,2025-07-09T10:21:14Z
C7HQ7qexbUjUuLRDzk,St. John's Red Storm vs Hawaii Womens Volleyball,sports,2025-09-08T03:00:00Z,2025-09-08T03:00:00Z,67,80,7303.0,[-157.8189199   21.2942686],,"[{'category': None, 'description': None, 'entity_id': 'DEf2acSkN4AAz3TfNmQRJC', 'formatted_address': None, 'labels': None, 'name': 'Hawaii Womens Volleyball', 'recurring': None, 'timezone': None, 'type': 'organization'}
 {'category': None, 'description': None, 'entity_id': 'cJfXGdD5kvEr345WEDdAuH', 'formatted_address': None, 'labels': None, 'name': ""St. John's Red Storm Womens Volleyball"", 'recurring': None, 'timezone': None, 'type': 'organization'}
 {'category': None, 'description': None, 'entity_id': '33PkHKAXw2SUEZnh48b7Zz6', 'formatted_address': '1355 Lower Campus Rd, Honolulu, HI 96822, USA', 'labels': None, 'name': 'Stan Sheriff Center', 'recurring': None, 'timezone': None, 'type': 'venue'}]",0,2025-10-07T11:57:51Z
CbeCRDvB6hrdSkxfdw,Creighton Bluejays at USC Trojans Womens Volleyball,sports,2025-09-08T03:00:00Z,2025-09-08T05:00:00Z,30,41,100.0,[-118.2798644   34.0210072],,"[{'category': None, 'description': None, 'entity_id': 'iE6WAPTQMrEm4tyUHbgCDM', 'formatted_address': '3400 S Figueroa St, Los Angeles, CA 90089, USA', 'labels': None, 'name': 'Galen Center', 'recurring': None, 'timezone': None, 'type': 'venue'}]",7200,2025-10-07T08:37:26Z
GpFfZxFngW8Nbpka9u,Toy con OKC Magic  tournament,sports,2025-09-08T04:00:00Z,2025-09-08T04:00:00Z,30,55,100.0,[-97.60246  35.44316],,[],0,2025-08-31T03:46:15Z
9QYYkYg8uN4Vjds683,Pickleball Play (Co-ed),sports,2025-09-08T13:00:00Z,2025-09-08T15:00:00Z,30,68,100.0,[-84.21546  35.74675],,[],7200,2025-09-07T23:42:47Z
Cj3WUfuXU6p9aLhmNn,"Tee Off ""Fore"" Justice",sports,2025-09-08T13:00:00Z,2025-09-08T13:00:00Z,30,60,100.0,[-84.72246  33.99177],,[],0,2025-08-31T03:20:11Z
HvEZHjPeAMRTHqpAhV,Marian Women's Golf Invite - Round 2,sports,2025-09-08T13:00:00Z,2025-09-08T13:00:00Z,30,62,100.0,[-88.3728873  43.7894331],,"[{'category': None, 'description': None, 'entity_id': 'swkdgczWtmwdwZzzr6eAwu', 'formatted_address': '380 Whispering Springs Dr, Fond du Lac, WI 54937, USA', 'labels': None, 'name': ""Whispering Springs Golf Club (Trep's Trap)"", 'recurring': None, 'timezone': None, 'type': 'venue'}]",0,2025-09-07T05:39:49Z
UunK7hbi2Juu5fXZuY,Adult Pickleball,sports,2025-09-08T13:00:00Z,2025-09-08T17:00:00Z,30,56,100.0,[-91.68787  41.98664],,[],14400,2025-09-07T04:02:37Z
puAeQFBny5Qe5Y4vK6,FALL Clinic @ Ella Harris Courts - All Skill Levels,sports,2025-09-08T13:00:00Z,2025-09-08T13:00:00Z,30,61,100.0,[-75.22302  39.72573],,[],0,2025-07-13T03:58:56Z
AoxpwgaEgGJQcfm2f8,Fall Fun Play Day,sports,2025-09-08T14:00:00Z,2025-09-08T14:00:00Z,30,50,100.0,[-97.1118128  32.6899562],,"[{'category': None, 'description': None, 'entity_id': 'pc8NdcEZFqqCWmKHuynyHv', 'formatted_address': '500 W Mayfield Rd, Arlington, TX 76014, USA', 'labels': None, 'name': 'Arlington Tennis Center', 'recurring': None, 'timezone': None, 'type': 'venue'}]",0,2025-08-10T03:10:08Z
Cqax4DQuafGsH3aDkG,Toddler Special Monday to Friday,sports,2025-09-08T14:00:00Z,2025-09-08T19:00:00Z,30,47,100.0,[-72.78069  41.67052],,[],18000,2025-09-07T03:32:26Z
FHRZTcKCbkBHcwCmGF,Toddler Special Monday to Friday,sports,2025-09-08T14:00:00Z,2025-09-08T19:00:00Z,30,54,100.0,[-73.00719  41.56647],,[],18000,2025-09-07T03:09:44Z
