artist_name,year,num_events,avg_ticket_price,unique_venues,unique_cities
103.5 Kiss FM's Jingle Ball,2025.0,1,29.305,1,1
12Eleven,2025.0,1,29.305,1,1
3OH!3,2025.0,1,29.305,1,1
42 Dugg,2025.0,1,62.05,1,1
49 Winchester,2025.0,2,19.545,1,1
7 Chinese Bros,2025.0,1,29.305,1,1
7th Heaven,2025.0,2,37.36,2,2
80's Live,2025.0,6,31.64,1,1
95.5 Jingle Ball Iheart Radio,2025.0,1,29.305,1,1
96.1 The Beat's Jingle Ball,2025.0,1,35.980000000000004,1,1
A Boogie Wit Da Hoodie,2025.0,2,35.980000000000004,1,1
A Carpenters Christmas,2025.0,1,,1,1
A Charlie Brown Christmas,2025.0,8,,6,6
A Charlie Brown Jazz Christmas,2025.0,1,41.175,1,1
A Family Christmas,2025.0,2,19.545,1,1
A Flock of Seagulls,2025.0,2,26.0775,2,2
A Great Big Pile of Leaves,2025.0,1,19.545,1,1
A John Waters Christmas,2025.0,1,19.545,1,1
A Merry-achi Christmas,2025.0,3,,2,2
A Peter White Christmas,2025.0,2,29.305,2,2
A Rocky Mountain Christmas,2025.0,1,,1,1
A Tribute to Barbra Streisand,2025.0,10,19.545,1,1
A. G. Cook,2025.0,1,31.64,1,1
AJR,2025.0,3,31.64,3,3
ARMNHMR,2025.0,2,29.747500000000002,2,2
ATLiens,2025.0,2,25.5925,2,2
AViVA,2025.0,1,11.55,1,1
Aaron Lewis,2025.0,6,17.19,6,6
Aaron Tippin,2025.0,1,17.19,1,1
Aaron West and the Roaring Twenties,2025.0,1,19.545,1,1
AbbaFab,2025.0,1,29.305,1,1
Acid Bath,2025.0,1,27.51,1,1
Acoustic Jam Lexington,2025.0,1,17.19,1,1
Acoustic Jam Louisville,2025.0,1,17.19,1,1
Adam Doleac,2025.0,3,17.975,3,3
Adam Ezra Group,2025.0,1,0.13,1,1
Adam Hawley,2025.0,1,41.175,1,1
Added Color,2025.0,1,29.305,1,1
Afro-Latin Jazz Orchestra,2025.0,2,19.545,1,1
Afroman,2025.0,1,35.980000000000004,1,1
Agent Orange,2025.0,1,375.92499999999995,1,1
Agnostic Front,2025.0,2,24.425,2,2
Aimee Mann,2025.0,5,24.895,4,4
Air Supply,2025.0,2,31.64,2,2
Aja,2025.0,1,,1,1
Alaska 5000,2025.0,2,93.5375,2,1
Alejandro Escovedo,2025.0,1,53.74,1,1
Algernon Cadwallader,2025.0,2,24.425,2,2
Alice Smith,2025.0,2,53.665,1,1
Alicia Villarreal,2025.0,1,,1,1
Alicia Witt,2025.0,1,50.489999999999995,1,1
Alison Wonderland,2025.0,1,19.545,1,1
All Out War,2025.0,1,31.155,1,1
All Them Witches,2025.0,4,18.64125,4,4
Allen Stone,2025.0,2,53.665,2,2
Allman Family Revival,2025.0,1,19.545,1,1
Almost Queen,2025.0,2,40.05,2,1
Amateur Night at The Apollo,2025.0,2,19.545,1,1
Ambrosia,2025.0,2,29.305,2,2
Amelia Day,2025.0,1,22.65,1,1
American Aquarium,2025.0,3,25.2,3,3
American Symphony Orchestra,2025.0,1,19.545,1,1
Ana Gasteyer,2025.0,2,0.0,1,1
Anders Osborne,2025.0,1,51.86,1,1
Andre Power,2025.0,1,24.895,1,1
Andrea Bocelli,2025.0,3,40.61,3,3
Andrea Von Kampen,2025.0,1,33.16,1,1
Andrew Bird,2025.0,5,22.85,1,1
Andrew Duhon,2025.0,1,34.41,1,1
Andy Bell,2025.0,4,29.305,2,2
Andy Frasco & the U.N.,2025.0,3,28.855,3,3
Angela Aguilar,2025.0,3,19.545,3,2
Anne Wilson,2025.0,2,54.915,2,2
Another Shade of Hate,2025.0,1,27.51,1,1
Anthony Gomes,2025.0,1,45.075,1,1
Anuhea,2025.0,8,59.36375,3,3
Apollo Music Cafe,2025.0,2,53.665,1,1
April Wine,2025.0,1,29.305,1,1
Ariana and the Rose,2025.0,1,19.545,1,1
Ariel Pink,2025.0,3,22.798333333333336,3,3
Ariel Posen,2025.0,3,28.593333333333334,3,3
Arlie,2025.0,1,29.305,1,1
Arturo O'Farrill,2025.0,8,39.96625,1,1
Asha Banks,2025.0,1,31.64,1,1
Ashes at Last,2025.0,1,27.51,1,1
Astro Zombies,2025.0,1,0.0,1,1
Aterciopelados,2025.0,9,111.7275,8,7
Atif Aslam,2025.0,1,37.2775,1,1
Atlanta Rhythm Section,2025.0,1,29.305,1,1
Atreyu,2025.0,2,28.4075,2,2
Audien,2025.0,1,63.95,1,1
Audrey Hobert,2025.0,1,31.64,1,1
Avatar,2025.0,1,27.51,1,1
Avery Anna,2025.0,2,17.19,2,2
Ax and the Hatchetmen,2025.0,1,19.545,1,1
Ayla Nereo,2025.0,1,19.545,1,1
BLXST,2025.0,2,19.545,1,1
BOLO THE DJ,2025.0,1,31.64,1,1
BSCBR,2025.0,1,29.305,1,1
Babehoven,2025.0,1,24.65,1,1
Back In Black,2025.0,1,45.17,1,1
Banda Machos,2025.0,2,,1,1
Bankrol Hayden,2025.0,1,35.980000000000004,1,1
Barrett,2025.0,1,0.13,1,1
Basstripper,2025.0,1,31.64,1,1
Be'la Dona,2025.0,1,53.665,1,1
Beach Floyd,2025.0,1,29.305,1,1
Bear Vs. Shark,2025.0,2,29.305,2,2
Bearly Dead,2025.0,1,,1,1
Beatles Vs. Stones,2025.0,1,,1,1
Beats Antique,2025.0,1,37.2775,1,1
Bebeshito,2025.0,1,,1,1
Bee Gees NOW,2025.0,1,29.305,1,1
Bellamy Brothers,2025.0,1,26.72,1,1
Belmont,2025.0,2,30.8475,2,2
Ben Barnes,2025.0,2,29.305,2,2
Ben Folds,2025.0,4,22.43875,3,2
Ben Portsmouth,2025.0,1,,1,1
Benjamin Grosvenor,2025.0,1,40.61,1,1
Berner,2025.0,1,35.980000000000004,1,1
Better Lovers,2025.0,1,66.58,1,1
Betty Jo,2025.0,1,29.305,1,1
Biffy Clyro,2025.0,1,45.26,1,1
Big Ass Truck,2025.0,1,29.305,1,1
Big Bad Voodoo Daddy,2025.0,2,29.305,2,2
Big Band Holidays,2025.0,1,19.545,1,1
Big Gigantic,2025.0,1,39.95,1,1
Big Sad 1900,2025.0,1,35.980000000000004,1,1
Big Sam's Funky Nation,2025.0,1,31.02,1,1
Big Sandy & His Fly-Rite Boys,2025.0,1,29.305,1,1
Big Something,2025.0,1,22.85,1,1
Billie Holiday Project,2025.0,2,22.5325,2,2
Billie Marten,2025.0,3,0.08666666666666667,3,3
Billy Gibbons,2025.0,3,29.304999999999996,1,1
Billy Joel,2025.0,1,29.305,1,1
Billy Strings,2025.0,3,17.19,3,3
Billy Walton,2025.0,1,25.52,1,1
Bimbo Summit,2025.0,1,31.64,1,1
Bingo Loco,2025.0,11,36.31045454545455,9,9
Black Jacket Symphony,2025.0,3,29.304999999999996,1,1
Black Polish,2025.0,1,29.305,1,1
Black Sabbath,2025.0,2,27.51,1,1
Black Stone Cherry,2025.0,3,33.663333333333334,3,3
Blackened,2025.0,1,18.99,1,1
Blade Rave,2025.0,1,31.64,1,1
Blake Tyler,2025.0,1,17.19,1,1
Blind Guardian,2025.0,1,27.51,1,1
Bliss,2025.0,1,25.94,1,1
Bloodkin,2025.0,1,19.545,1,1
Blue October,2025.0,2,29.305,2,2
Blue Oyster Cult,2025.0,2,29.305,2,2
Blues is Alright,2025.0,1,25.52,1,1
BoDeans,2025.0,1,29.305,1,1
Bob Marley Hope Road The Show,2025.0,58,28.84,1,1
Bob Schneider,2025.0,2,29.305,2,2
Body Electric,2025.0,1,18.75,1,1
Bone Thugs-N-Harmony,2025.0,2,35.980000000000004,2,2
Bones,2025.0,1,35.980000000000004,1,1
Boney James,2025.0,3,25.52,1,1
Boogie and the Yoyoz,2025.0,1,,1,1
Booker T. Jones,2025.0,1,53.665,1,1
Boombox Poets,2025.0,1,72.16499999999999,1,1
Bou,2025.0,1,31.64,1,1
Boys Of Fall,2025.0,1,26.49,1,1
Brad Williams,2025.0,2,19.545,1,1
Brandon Bennett's Elvis My Way,2025.0,1,,1,1
Brandy,2025.0,3,53.665,3,3
Brass Transit,2025.0,1,,1,1
Braxton Keith,2025.0,1,17.19,1,1
Breaking Sound LA,2025.0,1,29.305,1,1
Breakthru Entertainment,2025.0,1,29.305,1,1
Brendan Abernathy,2025.0,2,9.8375,2,1
Brett Eldredge,2025.0,5,17.661,4,3
Brian Culbertson,2025.0,4,0.0,1,1
Brian Kirk & the Jirks,2025.0,1,29.305,1,1
Bricks In the Wall,2025.0,1,,1,1
Broadway Rave,2025.0,1,31.64,1,1
Bruno Mars Las Vegas,2025.0,1,29.305,1,1
Bryce Crawford,2025.0,1,42.335,1,1
Buckethead,2025.0,1,29.305,1,1
Buddy,2025.0,2,28.17,1,1
Bulletboys,2025.0,1,430.0,1,1
Burna Boy,2025.0,3,35.980000000000004,3,3
Béla Fleck & the Flecktones,2025.0,5,31.581,5,4
CAKE,2025.0,2,29.305,2,2
Cameron Winter,2025.0,2,29.305,1,1
Camila,2025.0,1,29.305,1,1
Carbon Leaf,2025.0,5,25.432,2,2
Caroline Reilly,2025.0,1,29.305,1,1
Carpenters Legacy,2025.0,4,,1,1
Cash Money Millionaires,2025.0,2,35.980000000000004,2,2
Catalyst,2025.0,1,40.215,1,1
Catbite,2025.0,3,24.064999999999998,3,3
Catch 22,2025.0,1,29.305,1,1
Cattle Decapitation,2025.0,5,27.51,5,5
CeCe Winans,2025.0,2,26.8325,2,2
Cece Teneal,2025.0,1,25.52,1,1
Celtic Angels Ireland,2025.0,1,37.2775,1,1
Celtic Woman,2025.0,7,37.277499999999996,6,6
Celtic Woman Christmas Symphony,2025.0,1,37.2775,1,1
Chanticleer,2025.0,1,19.545,1,1
Charles Lloyd,2025.0,2,64.995,1,1
Charmaine Neville Band,2025.0,8,35.65,1,1
Chase Rice,2025.0,2,17.19,2,2
Chatham County Line,2025.0,1,17.19,1,1
Chelsea Cutler,2025.0,2,29.305,1,1
Chencha Berrinches,2025.0,1,42.985,1,1
Cheyenne Jackson,2025.0,1,53.665,1,1
Chibs,2025.0,1,29.95,1,1
Chicago Philharmonic Orchestra,2025.0,1,40.61,1,1
Chicago Symphony Orchestra,2025.0,10,40.61,2,1
Chimaira,2025.0,1,29.305,1,1
Chiodos,2025.0,8,29.305,7,6
Choir! Choir! Choir!,2025.0,1,29.305,1,1
Choral Arts Society of Washington,2025.0,1,19.545,1,1
Chris Barron,2025.0,1,43.75,1,1
Chris Botti,2025.0,47,175.96372340425532,2,2
Chris Cagle,2025.0,2,35.71,2,2
Chris Greene Quartet,2025.0,1,0.0,1,1
Chris Isaak,2025.0,7,25.61642857142857,7,7
Chris Lake,2025.0,1,19.545,1,1
Chris Mitchell,2025.0,1,19.545,1,1
Chris Pinnella,2025.0,2,29.305,1,1
Chris Renzema,2025.0,2,29.305,2,2
Chris Tomlin,2025.0,14,32.04392857142857,14,10
Chris Young,2025.0,3,17.19,3,3
Christian Nodal,2025.0,1,,1,1
Christmas,2025.0,2,42.335,1,1
Christmas Pops,2025.0,9,19.545,1,1
Christmas Show,2025.0,2,,1,1
Christmas with the Celts,2025.0,1,,1,1
Chuck Prophet,2025.0,2,19.545,1,1
Church Fire,2025.0,1,31.64,1,1
Cipha Sounds,2025.0,5,51.15,1,1
Clay Walker,2025.0,2,17.19,2,1
Clipse,2025.0,4,35.980000000000004,3,3
Club 90s,2025.0,3,31.64,2,2
Club Seating: Paramount Theatre,2025.0,8,19.545,1,1
Codefendants,2025.0,1,29.305,1,1
Cody Jinks,2025.0,2,17.19,1,1
Colorado Springs Philharmonic,2025.0,2,19.545,1,1
Colt Ford,2025.0,3,29.465000000000003,2,2
Congress the Band,2025.0,1,29.305,1,1
Cookie,2025.0,1,35.980000000000004,1,1
Corey Kent,2025.0,1,17.19,1,1
Cory Henry,2025.0,1,41.175,1,1
Couch,2025.0,1,29.305,1,1
Country Dance Party,2025.0,5,19.025,1,1
Coyote Theory,2025.0,1,19.9,1,1
Creed,2025.0,2,22.85,2,2
Creed Fisher,2025.0,2,17.19,2,2
CupcakKe,2025.0,1,48.61,1,1
Current Joys,2025.0,1,0.0,1,1
Currents,2025.0,1,19.545,1,1
Cursive,2025.0,4,24.46375,3,2
Curtis Salgado,2025.0,1,47.575,1,1
Cut Chemist,2025.0,2,41.175,1,1
Cyndi Lauper,2025.0,1,31.64,1,1
DAYBREAK - The Music & Passion of Barry Manilow,2025.0,1,31.64,1,1
DEHD,2025.0,1,46.47,1,1
DJ BMF,2025.0,3,0.0,1,1
DJ Diesel aka SHAQ,2025.0,1,31.64,1,1
DJ Isaac,2025.0,1,76.45,1,1
DJ Pauly D,2025.0,2,37.0025,2,2
DJ Snake,2025.0,1,31.64,1,1
DJ Sneak,2025.0,1,19.545,1,1
Dailey & Vincent,2025.0,1,17.19,1,1
Daily Bread,2025.0,2,19.545,2,2
Dallas Symphony Orchestra,2025.0,1,40.61,1,1
Damage Inc,2025.0,1,,1,1
Damiano David,2025.0,3,29.304999999999996,2,2
Damien Escobar,2025.0,1,41.175,1,1
Damn the Torpedoes - a Tribute To Tom Petty,2025.0,1,55.47,1,1
Damon Fowler,2025.0,1,25.52,1,1
Daniel Bonte & the Bona Fide,2025.0,1,17.19,1,1
Daniil Trifonov,2025.0,1,19.545,1,1
Danity Kane,2025.0,5,39.049,5,5
Danni Nicholls,2025.0,1,41.53,1,1
Danny Brown,2025.0,2,35.980000000000004,2,2
Dar Williams,2025.0,1,0.13,1,1
Darkest Hour,2025.0,1,27.51,1,1
Darlene Love,2025.0,2,29.305,2,2
Darude,2025.0,1,19.95,1,1
Dave Fenley,2025.0,1,17.19,1,1
Dave Gonzalez,2025.0,1,27.265,1,1
Dave Jordan,2025.0,1,70.625,1,1
Dave Koz,2025.0,4,33.3475,3,3
Dave Koz Christmas,2025.0,3,41.175,3,3
Dave Specter,2025.0,1,23.95,1,1
David Archuleta,2025.0,2,29.305,1,1
David Benoit,2025.0,3,64.75666666666666,2,2
David Cook,2025.0,1,191.075,1,1
David Foster,2025.0,2,24.425,2,2
Davy Knowles,2025.0,1,0.0,1,1
Dayseeker,2025.0,1,29.305,1,1
Deadlands,2025.0,1,20.0,1,1
Dean Johnson,2025.0,3,22.330000000000002,3,3
Dean Z,2025.0,2,,2,2
Death Angel,2025.0,4,27.51,3,3
Decibel Metal & Beer Fest,2025.0,1,27.51,1,1
Def Leppard,2025.0,1,29.305,1,1
Delvon Lamarr Organ Trio,2025.0,1,53.665,1,1
Demola,2025.0,2,53.665,1,1
Desert Daze,2025.0,1,31.64,1,1
Dessa,2025.0,1,33.52,1,1
Devon Gabriella,2025.0,1,31.64,1,1
Diamond Rio,2025.0,1,17.19,1,1
Dick Van Dyke,2025.0,1,0.0,1,1
Dickies Arena Suites,2025.0,6,30.439166666666665,1,1
Dijon,2025.0,3,53.665,2,2
Dillon Fence,2025.0,1,29.305,1,1
Dillon Francis,2025.0,1,29.95,1,1
Dirt Monkey,2025.0,1,19.545,1,1
Dirtwire,2025.0,1,19.545,1,1
Dirty Blanket,2025.0,1,24.95,1,1
Disobey,2025.0,1,35.980000000000004,1,1
Distant,2025.0,1,20.79,1,1
Doble R Entertainment,2025.0,1,,1,1
Dogpark,2025.0,1,29.305,1,1
Don McLean,2025.0,2,29.305,2,2
Donnie Iris,2025.0,1,29.305,1,1
Doublecamp,2025.0,3,30.113333333333333,3,3
Drake White,2025.0,2,40.364999999999995,2,2
Dressed To Kill,2025.0,1,15.75,1,1
Driftwood,2025.0,1,19.545,1,1
Drug Church,2025.0,2,24.425,2,1
Dueling Pianos,2025.0,2,19.545,1,1
Duprees,2025.0,1,29.305,1,1
Duskus,2025.0,1,24.95,1,1
Dustin Lynch,2025.0,1,17.19,1,1
Dying Wish,2025.0,1,29.305,1,1
Dylan Gossett,2025.0,1,17.19,1,1
E5C4P3,2025.0,1,19.545,1,1
E5C4P3 - The Journey Tribute,2025.0,1,,1,1
Earl Sweatshirt,2025.0,3,83.325,3,2
"Earth, Wind & Fire",2025.0,4,53.665,2,2
Echosmith,2025.0,1,60.215,1,1
Eilen Jewell,2025.0,1,0.13,1,1
Ekoh,2025.0,4,36.97125,4,4
El Gran Combo,2025.0,1,,1,1
Electric Avenue - The 80's MTV Experience,2025.0,1,,1,1
Electric Guest,2025.0,3,26.051666666666666,3,3
Electrik Seoul,2025.0,1,56.45,1,1
Elena Rose,2025.0,3,,3,3
Elf in Concert,2025.0,1,19.545,1,1
Eli Young Band,2025.0,1,17.19,1,1
Ella Mai,2025.0,2,53.665,2,2
Elrow,2025.0,2,19.545,1,1
Elton Dan & the Rocket Band,2025.0,2,,1,1
Emmanuel,2025.0,1,19.545,1,1
Emmet Cohen,2025.0,1,19.545,1,1
Emmylou Harris,2025.0,1,17.19,1,1
Emo Night Brooklyn,2025.0,2,29.305,2,2
Emo Nite,2025.0,5,27.682,5,5
Engelbert Humperdinck,2025.0,2,31.64,2,2
Enuff Znuff,2025.0,1,375.92499999999995,1,1
Envilittle,2025.0,1,29.305,1,1
Eric Benet,2025.0,2,53.665,2,2
Eric Darius,2025.0,1,41.175,1,1
Eric Gales,2025.0,1,25.52,1,1
Eric Lindell,2025.0,1,54.445,1,1
Eric Roberson,2025.0,3,36.75833333333333,2,2
Erica Falls,2025.0,2,46.95,1,1
Erykah Badu,2025.0,2,53.665,2,2
Especially Everyone Ensemble,2025.0,1,29.305,1,1
Estelle,2025.0,1,87.215,1,1
Eternal NYE 2026,2025.0,2,,1,1
Eyes Set To Kill,2025.0,4,112.8975,4,4
Ezra Ray Hart,2025.0,3,26.051666666666666,3,3
FACE Vocal Band,2025.0,2,25.5925,2,2
FLOW,2025.0,1,29.305,1,1
FOVOS,2025.0,1,19.545,1,1
Face 2 Face,2025.0,1,,1,1
Faster Pussycat,2025.0,1,432.575,1,1
Felicity,2025.0,1,29.305,1,1
Fisher,2025.0,3,23.576666666666668,2,2
Fit for a King,2025.0,1,29.305,1,1
Flashback: A 2010s EDM Tribute Party,2025.0,1,7.475,1,1
Fletcher,2025.0,2,19.545,1,1
Flint Symphony Orchestra,2025.0,1,19.545,1,1
Flosstradamus,2025.0,2,31.64,2,2
Flow Tribe,2025.0,2,19.41,2,2
Foreigner,2025.0,4,29.305,3,3
Foundation,2025.0,1,29.305,1,1
Four Tet,2025.0,1,24.895,1,1
Fousheé,2025.0,1,53.665,1,1
Foxwarren,2025.0,1,29.305,1,1
Franc D'ambrosio,2025.0,2,85.72,1,1
Frank Vignola,2025.0,2,40.61,1,1
Frankie Valli & The Four Seasons,2025.0,1,29.305,1,1
Free Fallin,2025.0,1,19.545,1,1
Freestyle,2025.0,1,72.875,1,1
Fresh Breakfast Muk Dipped in Butter,2025.0,1,35.980000000000004,1,1
Freya Skye,2025.0,1,31.64,1,1
Frog Mallet,2025.0,1,27.51,1,1
Frontiers,2025.0,1,,1,1
Futurebirds,2025.0,5,30.154000000000003,4,4
GRiZ,2025.0,2,19.545,1,1
Gabriela Lena Frank,2025.0,1,40.61,1,1
Gaither Christmas Homecoming,2025.0,5,45.955,5,3
Gaither Vocal Band,2025.0,1,19.545,1,1
Ganja White Night,2025.0,1,31.64,1,1
Gary Hoey,2025.0,1,53.89,1,1
Gasolina Party,2025.0,2,7.475,2,2
Gates to Hell,2025.0,1,21.33,1,1
Gavin Adcock,2025.0,1,17.19,1,1
Gavin DeGraw & Colbie Caillat,2025.0,1,29.305,1,1
Gay Men's Chorus of Los Angeles,2025.0,2,19.545,1,1
Gentlemen's Club,2025.0,1,19.95,1,1
Gentri,2025.0,1,31.64,1,1
Gerald Albright,2025.0,1,41.175,1,1
Get the Led Out,2025.0,4,,3,3
Ghost-Note,2025.0,6,39.829166666666666,4,4
Ghostland Observatory,2025.0,1,29.305,1,1
Gillian Carter,2025.0,1,22.21,1,1
Gimme Gimme Disco,2025.0,2,19.387500000000003,2,2
Ginuwine,2025.0,2,88.77,2,2
Girls Love Karaoke,2025.0,2,53.665,2,2
Gitkin,2025.0,1,40.06,1,1
Gladys Knight,2025.0,1,53.665,1,1
Glare,2025.0,3,22.850000000000005,3,3
Glitterbox,2025.0,1,39.95,1,1
GloRilla,2025.0,1,35.980000000000004,1,1
Glokk40Spaz,2025.0,1,35.980000000000004,1,1
Goddamn Gallows,2025.0,1,23.63,1,1
GoldLink,2025.0,1,35.980000000000004,1,1
Golden Smog,2025.0,2,24.425,2,2
Goldfinger,2025.0,1,22.85,1,1
Gordon Goodwin's Big Phat Band,2025.0,1,41.175,1,1
Gorilla Biscuits,2025.0,1,48.04,1,1
Gospel Concert,2025.0,1,42.335,1,1
Gov't Mule,2025.0,3,29.304999999999996,3,2
Graham Barham,2025.0,1,17.19,1,1
Grant Knoche,2025.0,1,31.64,1,1
Great American Ghost,2025.0,3,26.92,3,3
Great Lake Swimmers,2025.0,2,24.425,2,2
Green Velvet,2025.0,1,31.64,1,1
Greggie and The Jets,2025.0,1,29.305,1,1
Gregory Porter,2025.0,2,25.52,2,2
Greyhaven,2025.0,2,26.2325,2,2
Guaco,2025.0,3,,3,3
Guapdad 4000,2025.0,4,36.67,1,1
Gucci Mane,2025.0,1,35.980000000000004,1,1
Gunna,2025.0,4,35.980000000000004,4,4
Guordan Banks,2025.0,1,53.665,1,1
Gwen Stefani,2025.0,1,29.305,1,1
HOLY PRIEST,2025.0,2,31.64,1,1
Hairbanger's Ball,2025.0,1,13.86,1,1
Hannah Frances,2025.0,1,0.0,1,1
Hannah Laing,2025.0,1,31.64,1,1
Har Mar Superstar,2025.0,1,29.305,1,1
Hardwired - A Tribute to Metallica,2025.0,2,27.51,2,2
Harlem Gospel Choir,2025.0,16,43.426874999999995,2,1
Harry Potter and the Sorcerer's Stone,2025.0,1,19.545,1,1
Hayla,2025.0,1,31.64,1,1
Hayride,2025.0,1,19.545,1,1
Heart,2025.0,5,29.305,5,5
Heavy Pets,2025.0,1,19.545,1,1
Henhouse Prowlers,2025.0,1,17.19,1,1
Herman's Hermits,2025.0,3,29.304999999999996,2,2
Hi Infidelity,2025.0,1,61.345,1,1
Highly Suspect,2025.0,4,29.305,4,4
Hillary Hahn,2025.0,1,40.61,1,1
Hillbilly Rockstarz,2025.0,1,42.825,1,1
Hobo Johnson,2025.0,1,19.545,1,1
Hobo Johnson & The Lovemakers,2025.0,1,35.980000000000004,1,1
Holiday Express,2025.0,1,19.545,1,1
Holiday Pops,2025.0,1,40.61,1,1
Home Alone in Concert,2025.0,6,19.545,3,3
Home Free,2025.0,2,19.545,2,2
Hoodoo Soul Band,2025.0,3,12.0,1,1
Hot 8 Brass Band,2025.0,5,24.94,2,1
Hot 99.5's Jingle Ball,2025.0,1,29.305,1,1
Hot In Herre: 2000s Dance Party,2025.0,2,31.64,2,2
Hot Mulligan,2025.0,2,29.305,1,1
House of Blues Gospel Brunch,2025.0,6,42.335,2,2
House of Heroes,2025.0,1,0.0,1,1
Hudson Westbrook,2025.0,1,17.19,1,1
Human Nature Christmas Motown,2025.0,4,29.305,1,1
Hunny,2025.0,1,19.545,1,1
I Love The 90's Tour,2025.0,1,31.64,1,1
I Love the 90s,2025.0,1,31.64,1,1
I Puritani,2025.0,1,19.545,1,1
ILLENIUM,2025.0,1,31.64,1,1
Ian Asher,2025.0,2,32.5625,2,2
Illusion Hills,2025.0,1,35.980000000000004,1,1
In The End,2025.0,1,29.305,1,1
Infected Mushroom,2025.0,1,34.95,1,1
Infekt,2025.0,1,24.895,1,1
Infinity,2025.0,1,161.28,1,1
Ingrid Michaelson,2025.0,1,29.305,1,1
Insane Clown Posse,2025.0,1,35.980000000000004,1,1
Irma Thomas,2025.0,1,57.269999999999996,1,1
Ishay Ribo,2025.0,1,19.545,1,1
Ivan Neville,2025.0,1,29.305,1,1
J.I.D,2025.0,4,35.980000000000004,3,3
JD McPherson,2025.0,3,19.536666666666665,3,3
JOHNNYSWIM,2025.0,1,29.305,1,1
JP Soars,2025.0,1,19.545,1,1
Jabbawockeez,2025.0,45,31.64,1,1
Jackie Greene,2025.0,2,9.8375,2,1
Jagged Edge,2025.0,3,53.665,3,2
Jai Wolf,2025.0,1,34.95,1,1
Jake Xerxes Fussell,2025.0,3,9.073333333333332,3,3
Jamal Roberts,2025.0,1,53.665,1,1
James and the Cold Gun,2025.0,1,29.305,1,1
Jamey Johnson,2025.0,1,17.19,1,1
Jane Monheit,2025.0,12,49.287499999999994,3,3
Janet Jackson,2025.0,2,31.64,2,2
Jason Narducy,2025.0,1,0.0,1,1
Jay Dupuis,2025.0,1,,1,1
Jay Siegel & the Tokens,2025.0,1,53.665,1,1
Jay Som,2025.0,2,29.305,2,2
Jazz & Blues Showcase,2025.0,1,66.15,1,1
Jeezy,2025.0,4,35.980000000000004,1,1
Jeff Crosby,2025.0,1,22.3,1,1
Jeff Harnar,2025.0,1,40.61,1,1
Jefferson Starship,2025.0,1,31.64,1,1
Jeffrey Foucault,2025.0,1,37.22,1,1
Jeffrey Gaines,2025.0,1,22.85,1,1
Jeffrey Martin,2025.0,1,19.545,1,1
Jennifer Lopez,2025.0,2,,1,1
Jens Lekman,2025.0,1,31.64,1,1
Jeremy’s Ten,2025.0,1,,1,1
Jerro,2025.0,1,19.545,1,1
Jerry's Middle Finger,2025.0,3,19.545,2,2
Jesse & Joy,2025.0,1,,1,1
Jesse Malin,2025.0,2,29.305,1,1
Jessica Lynn,2025.0,1,17.19,1,1
Jessie's Girl,2025.0,1,60.39,1,1
Jim Brickman,2025.0,5,31.639999999999997,5,5
Jim Jones,2025.0,1,19.545,1,1
Jimmie's Chicken Shack,2025.0,1,19.545,1,1
Jimmy Sturr,2025.0,1,37.2775,1,1
Joe Jordan,2025.0,2,29.305,2,1
Joe Nichols,2025.0,1,17.19,1,1
Joe Sib,2025.0,1,57.15,1,1
John Berry,2025.0,1,19.545,1,1
John Cafferty,2025.0,1,29.305,1,1
John Craigie,2025.0,2,19.545,1,1
John Easdale,2025.0,1,29.305,1,1
John Legend,2025.0,1,53.665,1,1
John Michael Montgomery,2025.0,1,17.19,1,1
John Morgan,2025.0,7,17.19,3,3
John Nemeth,2025.0,1,24.13,1,1
John Sebastian,2025.0,1,17.19,1,1
John Vincent III,2025.0,1,0.13,1,1
Jon Batiste,2025.0,1,31.64,1,1
Jon Cleary,2025.0,4,41.3,1,1
Jon Cleary & the Absolute Monster Gentlemen,2025.0,1,50.48,1,1
Jon Langford,2025.0,1,28.25,1,1
Jon McLaughlin,2025.0,3,35.87833333333333,3,3
Jon Pardi,2025.0,3,17.19,2,2
Jonas Brothers,2025.0,8,29.88875,8,8
Jonathan Richman,2025.0,1,0.0,1,1
Jones RX,2025.0,1,31.64,1,1
Jorma Kaukonen,2025.0,1,29.305,1,1
Jose James,2025.0,1,41.175,1,1
Josey Scott,2025.0,1,29.305,1,1
Josh Wolf,2025.0,3,19.545,1,1
Journey USA,2025.0,2,29.305,1,1
Judas Priestess,2025.0,1,27.51,1,1
Judith Owen,2025.0,1,29.305,1,1
Judy Collins,2025.0,1,29.305,1,1
Julia Cole,2025.0,1,17.19,1,1
Jungle Bells,2025.0,2,31.64,1,1
KARD,2025.0,3,31.64,3,3
KATSEYE,2025.0,2,31.64,2,2
KC & the Sunshine Band,2025.0,1,29.305,1,1
KPR Big Band Christmas,2025.0,1,,1,1
KPop Club Night,2025.0,1,31.64,1,1
Kandace Springs,2025.0,2,53.665,1,1
Kansas,2025.0,1,29.305,1,1
Karaoke Time Machines,2025.0,1,29.305,1,1
Karl Denson's Tiny Universe,2025.0,2,29.305,2,2
Kashmir,2025.0,1,,1,1
Kawaii Rave,2025.0,1,31.64,1,1
Kehlani,2025.0,1,53.665,1,1
Keith Harkin,2025.0,1,19.545,1,1
Kelley Swindall,2025.0,2,3.2,1,1
Kelly Chen,2025.0,2,31.64,2,2
Kelly Hogan,2025.0,1,33.9,1,1
Kelly Romo,2025.0,1,29.305,1,1
Kem,2025.0,1,53.665,1,1
Kendall Street Company,2025.0,2,24.425,2,2
Kenny G,2025.0,3,37.99666666666666,3,3
Kenny Mason,2025.0,1,35.980000000000004,1,1
Kermit Ruffins,2025.0,2,34.067499999999995,2,1
Kevin Garrett,2025.0,1,49.834999999999994,1,1
Key,2025.0,1,31.64,1,1
Keyland,2025.0,1,0.13,1,1
Khemmis,2025.0,1,19.545,1,1
KiNG MALA,2025.0,1,31.64,1,1
Kill Lincoln,2025.0,1,29.305,1,1
Kindred the Family Soul,2025.0,1,78.965,1,1
King George,2025.0,3,25.52,3,3
King Yellowman & the Sagittarius Band,2025.0,1,28.84,1,1
Kip Moore,2025.0,4,50.1,4,3
Knoll,2025.0,1,33.53,1,1
Kodoku,2025.0,2,31.64,2,2
Koffin Kats,2025.0,1,29.17,1,1
Kolbeef,2025.0,1,35.980000000000004,1,1
Kolby Cooper,2025.0,2,19.545,2,2
Kori King,2025.0,1,24.895,1,1
Kraig Parker,2025.0,1,29.305,1,1
Kyle Watson,2025.0,1,24.95,1,1
LAERZ,2025.0,2,28.2675,2,1
LCD Soundsystem,2025.0,5,19.545,1,1
La La Brooks,2025.0,1,53.665,1,1
Labamba's Big Band,2025.0,1,29.305,1,1
Lady A,2025.0,4,17.19,4,4
Lady Radiator,2025.0,1,29.305,1,1
Laidback Luke,2025.0,1,32.125,1,1
Lainey Wilson,2025.0,1,17.19,1,1
Larry Fleet,2025.0,3,17.975,3,3
Larry Stevens Band,2025.0,1,0.0,1,1
Late Night Drive Home,2025.0,1,22.85,1,1
Lauren Daigle,2025.0,3,34.73833333333334,3,3
Layz,2025.0,1,19.95,1,1
Leftover Crack,2025.0,1,19.545,1,1
Leo Kottke,2025.0,3,43.43166666666667,2,2
Leo Ku,2025.0,1,29.305,1,1
Leon Thomas,2025.0,4,53.665,3,3
Lera Lynn,2025.0,1,17.19,1,1
"Leslie Odom, Jr.",2025.0,6,25.23166666666667,6,6
Letter Kills,2025.0,1,373.34999999999997,1,1
Liam St. John,2025.0,5,27.439,5,5
Lights All Night,2025.0,2,19.545,1,1
Lil Darkie,2025.0,1,35.980000000000004,1,1
Lil Gotit,2025.0,1,35.980000000000004,1,1
Lindsey Stirling,2025.0,4,32.13125,4,4
Lindsey Webster,2025.0,1,53.665,1,1
Lit,2025.0,1,29.305,1,1
Little Raine Band,2025.0,1,19.545,1,1
Little River Band,2025.0,3,29.304999999999996,3,3
Liverpool Legends,2025.0,1,29.305,1,1
Living Legends,2025.0,2,27.762500000000003,2,2
Living Wreckage,2025.0,1,27.51,1,1
Lizzie Donzis,2025.0,1,31.64,1,1
Lizzy McAlpine,2025.0,1,0.0,1,1
Lloyd,2025.0,1,53.665,1,1
Local Band Showcase,2025.0,1,22.85,1,1
Lola Young,2025.0,2,53.665,1,1
Lonestar,2025.0,2,17.19,2,2
Lorde,2025.0,2,29.305,1,1
Los Lobos,2025.0,1,37.2775,1,1
Loud Luxury,2025.0,1,19.545,1,1
Louie Cruz Beltran,2025.0,1,41.05,1,1
Love Canon,2025.0,1,17.19,1,1
Low Cut Connie,2025.0,2,24.425,2,2
Lucy Bedroque,2025.0,1,35.980000000000004,1,1
Luke Rathborne,2025.0,1,21.56,1,1
Luminare Christmas,2025.0,1,19.545,1,1
Luther ReLives,2025.0,1,,1,1
Luvcat,2025.0,1,27.32,1,1
Lydia Lunch,2025.0,1,21.18,1,1
Lyfe Jennings,2025.0,1,53.665,1,1
M.O.D.,2025.0,1,27.51,1,1
MANÁ,2025.0,1,,1,1
MATISYAHU,2025.0,3,29.304999999999996,2,2
MEDUZA,2025.0,1,19.545,1,1
MERSIV,2025.0,2,25.5925,2,2
MK,2025.0,1,19.545,1,1
MT Jones,2025.0,1,53.665,1,1
Mac McAnally,2025.0,2,29.305,1,1
MacCabeats,2025.0,1,37.2775,1,1
Madball,2025.0,2,26.085,2,2
Madelline,2025.0,1,31.64,1,1
Madina Lake,2025.0,1,44.36,1,1
Maeta,2025.0,6,27.735000000000003,1,1
Mafia Rusa,2025.0,1,29.305,1,1
Magnolia Electric Co.,2025.0,1,29.305,1,1
Makeout Reef,2025.0,1,29.305,1,1
Makuta,2025.0,1,29.305,1,1
Mamma Mania!,2025.0,2,29.305,2,2
Mammoth,2025.0,1,29.305,1,1
Manic Honey,2025.0,1,29.305,1,1
Mannheim Steamroller,2025.0,2,40.61,1,1
Mannheim Steamroller Christmas,2025.0,17,0.0,13,13
Mar Caribe,2025.0,1,0.0,1,1
Marc Broussard,2025.0,1,49.1,1,1
Marcus Miller,2025.0,4,69.875,1,1
Marcus Rezak,2025.0,1,29.305,1,1
Mareux,2025.0,2,19.545,2,2
Maria Carrelli,2025.0,1,20.53,1,1
Mariachi El Bronx,2025.0,1,4.14,1,1
Mariah Carey,2025.0,5,31.639999999999997,1,1
Marina Satti,2025.0,1,31.64,1,1
Mario,2025.0,2,36.605000000000004,2,2
Mark Farner,2025.0,1,29.305,1,1
Mark Tremonti,2025.0,1,31.64,1,1
Masters of the Mic,2025.0,1,35.980000000000004,1,1
Matroda,2025.0,1,0.0,1,1
Matt Kelley & The Big Reveal,2025.0,1,29.305,1,1
Matt Stell,2025.0,1,17.19,1,1
Matteo Bocelli,2025.0,6,40.61,6,6
Matthew West,2025.0,8,49.3275,8,4
Mau P,2025.0,1,24.895,1,1
Maurice Mobetta Brown,2025.0,2,35.980000000000004,1,1
Maxim Vengerov,2025.0,1,40.61,1,1
Maxo Kream,2025.0,1,19.545,1,1
Maysa,2025.0,1,41.175,1,1
Melissa Errico,2025.0,1,40.61,1,1
Memphis May Fire,2025.0,2,24.425,2,2
Method Man and Redman,2025.0,1,35.980000000000004,1,1
Michael Cera Palin,2025.0,1,29.305,1,1
Michael Feinstein,2025.0,1,31.64,1,1
Michael Marcagi,2025.0,1,29.305,1,1
Michael W. Smith,2025.0,1,31.64,1,1
Michigander,2025.0,1,29.305,1,1
Mickey Avalon,2025.0,1,29.305,1,1
Midland,2025.0,4,18.3675,3,3
Mike Campbell & The Dirty Knobs,2025.0,4,26.865000000000002,3,3
Mike Cooley,2025.0,1,29.305,1,1
Mike Greensill,2025.0,1,31.505000000000003,1,1
Mike Stern,2025.0,2,64.725,1,1
Mindi Abair,2025.0,1,43.74,1,1
Minus,2025.0,1,18.5,1,1
Miranda Lambert,2025.0,1,17.19,1,1
Missing Persons,2025.0,2,26.0775,2,2
Mobb Deep,2025.0,1,35.980000000000004,1,1
Mockstar,2025.0,1,89.16,1,1
Modern Alibi,2025.0,1,29.305,1,1
Modern Day Romeos,2025.0,1,12.25,1,1
Modestep,2025.0,1,25.675,1,1
Molly Tuttle,2025.0,2,18.3675,2,2
Monaleo,2025.0,2,35.980000000000004,2,2
Monophonics,2025.0,1,35.46,1,1
Moon Hooch,2025.0,2,53.665,2,2
Moon Taxi,2025.0,2,29.305,1,1
Moral Law,2025.0,1,27.51,1,1
Morgan Wade,2025.0,1,19.545,1,1
Morris Day and the Time,2025.0,1,29.305,1,1
Mother's Finest,2025.0,1,29.305,1,1
Motherfolk,2025.0,1,0.13,1,1
Motown Christmas,2025.0,3,53.665,3,3
Municipal Waste,2025.0,1,33.4,1,1
Murs,2025.0,1,35.980000000000004,1,1
Musiq Soulchild,2025.0,2,53.665,1,1
Musketeer Gripweed,2025.0,1,19.545,1,1
Mustard Plug,2025.0,1,28.27,1,1
N.E.G. (Northeast Groovers),2025.0,1,29.305,1,1
Najee,2025.0,1,41.175,1,1
Nargiz,2025.0,1,19.545,1,1
Natalia Jimenez,2025.0,2,19.545,2,2
Natalie Grant,2025.0,2,30.94,2,2
Natalie MacMaster,2025.0,1,0.13,1,1
Nate Jackson,2025.0,3,62.66,1,1
Nate Smith,2025.0,3,25.185000000000002,2,2
Nathaniel Rateliff & The Night Sweats,2025.0,2,19.545,1,1
National Arab Orchestra,2025.0,1,37.2775,1,1
National Symphony Orchestra,2025.0,7,40.61,1,1
Ne Obliviscaris,2025.0,2,32.13,2,2
Neal McCoy,2025.0,1,17.19,1,1
Nefesh Mountain,2025.0,1,0.13,1,1
Neil Zaza,2025.0,1,29.305,1,1
New York Philharmonic,2025.0,10,40.61,1,1
New York Voices,2025.0,6,46.61833333333333,1,1
Next Showcase USA,2025.0,1,19.545,1,1
Nghtmre,2025.0,3,23.576666666666668,3,3
Nic Fanciulli,2025.0,1,29.95,1,1
Nicky Romero,2025.0,1,29.95,1,1
Nico Play,2025.0,1,,1,1
Nightrain,2025.0,3,19.545,3,3
Nirvanna - Tribute To Nirvana,2025.0,1,19.545,1,1
Noche de Verano Sin Ti,2025.0,1,,1,1
Noizu,2025.0,1,31.64,1,1
Nonpoint,2025.0,3,29.304999999999996,3,2
Noogy,2025.0,1,22.3,1,1
Norma Jean,2025.0,2,48.114999999999995,2,2
Not So Silent Night,2025.0,1,29.305,1,1
ODESZA,2025.0,1,24.895,1,1
OK Go,2025.0,2,26.0775,2,2
OMNOM,2025.0,1,24.895,1,1
ORLOVE,2025.0,1,31.64,1,1
Oakland Interfaith Gospel Choir,2025.0,1,42.335,1,1
Obituary,2025.0,1,33.53,1,1
Old 97's,2025.0,2,60.45,1,1
Old Crow Medicine Show,2025.0,4,0.13,4,4
Old Dominion,2025.0,4,17.19,3,3
Ole 60,2025.0,2,17.19,2,2
Oliver Heldens,2025.0,1,31.64,1,1
Omnium Gatherum,2025.0,3,20.346666666666668,2,2
On Tap,2025.0,1,,1,1
One Night in Memphis,2025.0,1,,1,1
Open Mic Night,2025.0,3,6.515000000000001,2,2
Orgy,2025.0,1,430.0,1,1
Origami Angel,2025.0,1,41.985,1,1
Orville Peck,2025.0,1,17.19,1,1
OsamaSon,2025.0,4,35.980000000000004,4,3
Osees,2025.0,1,29.305,1,1
Out of the Dawg House,2025.0,1,19.545,1,1
Over the Rhine,2025.0,4,17.19,2,2
Oz Noy,2025.0,1,19.545,1,1
PHUN,2025.0,1,29.305,1,1
PRESIDENT,2025.0,1,22.85,1,1
PVRIS,2025.0,4,26.0775,4,4
Pallbearer,2025.0,3,24.855,3,3
Pam Tillis,2025.0,1,17.19,1,1
Papa Mali,2025.0,1,20.28,1,1
Parish County Line,2025.0,1,17.19,1,1
Parlor Greens,2025.0,1,53.665,1,1
Parmalee,2025.0,1,45.96,1,1
Pat McCurdy,2025.0,1,8.73,1,1
Patrick Bolden-Smith,2025.0,1,53.665,1,1
Patti Smith,2025.0,1,29.305,1,1
Paul Cauthen,2025.0,1,59.5,1,1
Paul Maxwell,2025.0,1,31.64,1,1
Peabo Bryson,2025.0,5,53.665,5,5
Pearl,2025.0,1,26.03,1,1
Pearl & The Oysters,2025.0,1,29.305,1,1
Pearly Baker's Best,2025.0,1,13.07,1,1
Pentatonix,2025.0,5,29.305,4,4
People Brothers Band,2025.0,1,29.305,1,1
Pepe Aguilar,2025.0,1,37.2775,1,1
Perpetual Groove,2025.0,3,26.755,3,3
Pete Escovedo,2025.0,5,68.846,2,2
Pete Evick,2025.0,1,29.305,1,1
Peter Mayer,2025.0,1,29.305,1,1
Peter White,2025.0,2,80.3,1,1
Petty Theft,2025.0,2,19.545,2,2
Phantoms,2025.0,1,19.545,1,1
Phil Wickham,2025.0,4,29.597500000000004,3,2
Piano Man,2025.0,6,29.304999999999996,1,1
Pieces of a Dream,2025.0,1,41.175,1,1
Pigeons Playing Ping Pong,2025.0,3,29.304999999999996,2,2
Pink Martini,2025.0,2,27.4125,2,2
Plague Vendor,2025.0,1,29.305,1,1
Plain White T's,2025.0,1,29.305,1,1
Poisonous Crue: A Tribute To Poison and Motley Crue,2025.0,1,29.305,1,1
Porter Robinson,2025.0,1,31.64,1,1
Portugal. The Man,2025.0,2,22.85,2,2
Post Animal,2025.0,3,27.106666666666666,3,3
Powerman 5000,2025.0,1,29.305,1,1
Preservation Hall Jazz Band,2025.0,2,41.7475,2,2
Pressing Strings,2025.0,2,19.545,1,1
Primer 55,2025.0,3,25.39833333333333,3,3
Primitive Man,2025.0,3,24.855,3,3
Primus,2025.0,1,29.305,1,1
Prince Daddy & the Hyena,2025.0,1,29.305,1,1
Priscilla Block,2025.0,1,17.19,1,1
Project Pat,2025.0,1,35.980000000000004,1,1
Promised Land,2025.0,1,29.305,1,1
Protomartyr,2025.0,3,32.89,3,3
Psycho-Frame,2025.0,1,27.51,1,1
Public Enemy,2025.0,2,35.980000000000004,1,1
Punk Rock Karaoke,2025.0,1,19.545,1,1
Purdue Christmas Show,2025.0,3,,1,1
Pure Prairie League,2025.0,1,68.72,1,1
Purple Reign - Prince Tribute,2025.0,3,,1,1
Pyromania,2025.0,1,,1,1
Queen Nation,2025.0,1,19.545,1,1
Queensryche,2025.0,3,27.51,3,3
Quiet Riot,2025.0,1,545.875,1,1
R&B ONLY,2025.0,2,53.665,1,1
RJ,2025.0,2,41.16,1,1
RL Grime,2025.0,2,58.9225,2,2
RUDIM3NTAL,2025.0,1,24.95,1,1
Raekwon,2025.0,4,35.980000000000004,4,4
Raheem DeVaughn,2025.0,2,53.665,2,2
Raiding the Rock Vault,2025.0,4,,1,1
Railroad Earth,2025.0,1,29.305,1,1
Randy Houser,2025.0,1,17.19,1,1
Randy Rogers,2025.0,1,19.545,1,1
Ras Kass,2025.0,1,35.980000000000004,1,1
Rave Jesus,2025.0,1,31.64,1,1
Ray Volpe,2025.0,1,19.545,1,1
Reaper,2025.0,1,31.64,1,1
Rebirth Brass Band,2025.0,1,41.175,1,1
Red NOT Chili Peppers,2025.0,1,,1,1
Red Wanting Blue,2025.0,1,29.305,1,1
Reggaeton Rave,2025.0,1,7.475,1,1
Rejjie Snow,2025.0,5,28.704,4,3
Reuben Vincent,2025.0,1,35.980000000000004,1,1
Rhapsody In Blue,2025.0,1,40.61,1,1
Rhea Raj,2025.0,2,37.2775,2,2
Rhett Miller,2025.0,3,26.051666666666666,3,2
Richard Marx,2025.0,1,31.64,1,1
Ricky Skaggs,2025.0,2,17.19,2,2
Riders In the Sky,2025.0,1,17.19,1,1
Ripe,2025.0,3,29.304999999999996,2,2
Rivers of Nihil,2025.0,1,70.075,1,1
Robert Earl Keen,2025.0,8,17.19,7,7
Robert Glasper,2025.0,12,63.10666666666666,1,1
Robert Lester Folsom,2025.0,1,29.305,1,1
Rock And Roll Hall Of Fame Induction Ceremony,2025.0,1,19.545,1,1
Rock Monsterz,2025.0,1,29.305,1,1
Rocky Mountain High Experience: A John Denver Christmas,2025.0,4,17.19,4,4
Rocky Mountain High Experience: A John Denver Christmas (Chicago),2025.0,6,17.19,1,1
Rod Stewart,2025.0,1,29.305,1,1
Rod Wave,2025.0,7,33.63214285714286,5,5
Rodney Stepp,2025.0,1,41.175,1,1
Roger Sanchez,2025.0,1,24.95,1,1
Roman Street,2025.0,1,29.305,1,1
Rose City Band,2025.0,2,24.805,2,2
Royal Jelly Jive,2025.0,1,25.585,1,1
Rubio,2025.0,1,,1,1
Rumours: a Tribute To Fleetwood Mac,2025.0,1,19.545,1,1
Runaway Gin,2025.0,1,19.545,1,1
Rusko,2025.0,2,31.64,2,2
Ryan Bingham,2025.0,2,19.545,2,2
Ryan Davis & the Roadhouse Band,2025.0,2,0.0,1,1
Ryan Pelton,2025.0,1,,1,1
SLANDER,2025.0,2,24.895,1,1
SOFI TUKKER,2025.0,2,19.545,1,1
SQRRL,2025.0,1,19.545,1,1
STS9,2025.0,2,24.895,1,1
SUSTO,2025.0,1,17.19,1,1
Sal Valentinetti,2025.0,2,,1,1
Salmo,2025.0,1,35.980000000000004,1,1
Salt,2025.0,1,11.55,1,1
Sam MacPherson,2025.0,1,29.305,1,1
Sam Sample,2025.0,1,17.19,1,1
Sam Smith,2025.0,4,31.64,1,1
Samantha Fish,2025.0,5,25.52,5,5
Samiam,2025.0,2,27.705,2,2
San Francisco Gay Men's Chorus,2025.0,3,40.61,1,1
San Francisco Symphony,2025.0,13,19.545,1,1
San Holo,2025.0,1,19.545,1,1
Sandy Hackett's Rat Pack,2025.0,2,,1,1
Sandy Mack,2025.0,3,25.52,1,1
Santa Rave,2025.0,3,31.64,3,3
Sara Evans,2025.0,3,17.19,3,3
Sarah Brightman,2025.0,5,31.639999999999997,5,5
Save Ferris,2025.0,1,22.85,1,1
Saves the Day,2025.0,1,22.85,1,1
Say Anything,2025.0,1,29.305,1,1
Scam and Jam,2025.0,1,31.64,1,1
Scott Bradlee's Postmodern Jukebox,2025.0,4,33.964999999999996,4,4
Scott Robinson & Bronze Nemesis,2025.0,1,0.0,1,1
Screamin Rebel Angels,2025.0,2,20.7775,2,2
Secrets,2025.0,1,28.04,1,1
Sensational Soul Cruisers,2025.0,1,53.665,1,1
Senses Fail,2025.0,2,29.305,2,2
Set It Off,2025.0,1,31.64,1,1
Seth Glier,2025.0,1,13.61,1,1
Seven Kingdoms,2025.0,1,19.545,1,1
Sevendust,2025.0,1,29.305,1,1
Sextile,2025.0,1,45.94,1,1
Sexyy Red,2025.0,1,35.980000000000004,1,1
Shaggy,2025.0,1,28.84,1,1
Shai Hulud,2025.0,1,33.45,1,1
Shakey Graves,2025.0,8,27.2825,8,6
Shane Smith and the Saints,2025.0,1,0.13,1,1
Shaun Cassidy,2025.0,2,19.545,2,2
Shoreline Mafia,2025.0,1,203.385,1,1
Shoshana Bean,2025.0,3,53.665,1,1
Shovels & Rope,2025.0,1,0.0,1,1
Shrek Rave,2025.0,2,28.2675,2,2
Shy Glizzy,2025.0,1,81.035,1,1
Sickick,2025.0,1,29.95,1,1
Side Quest,2025.0,1,29.95,1,1
Silly Goose,2025.0,1,29.305,1,1
Silverstein,2025.0,5,29.305,5,5
Sister Hazel,2025.0,2,29.305,1,1
Sister Nancy,2025.0,2,32.1375,2,2
Sixpence None the Richer,2025.0,2,177.445,2,2
Sixteen Candles,2025.0,1,29.305,1,1
Skydog,2025.0,1,29.305,1,1
Slick Rick,2025.0,2,76.315,2,2
Slippery When Wet,2025.0,1,,1,1
Smithereens,2025.0,2,29.305,1,1
Snocaps,2025.0,2,29.305,1,1
Sommer Ray,2025.0,1,19.95,1,1
Son Little,2025.0,2,35.19,2,2
Sorry - Band,2025.0,1,19.545,1,1
Soul Coughing,2025.0,4,34.34,4,4
Sounds of the Holidays,2025.0,1,,1,1
South Bend Symphony Orchestra,2025.0,2,19.545,1,1
Southern Accents,2025.0,1,19.545,1,1
Southern Avenue,2025.0,1,25.52,1,1
Soweto Gospel Choir,2025.0,2,42.335,2,2
Spafford,2025.0,3,24.330000000000002,2,2
Spazmatics - Las Vegas,2025.0,2,,1,1
Spencer Day,2025.0,1,85.72,1,1
Sponge,2025.0,2,26.0775,2,1
Spread Eagle,2025.0,1,29.305,1,1
Squirrel Nut Zippers,2025.0,3,30.993333333333336,3,3
Sqwerv,2025.0,1,29.305,1,1
Stacey Kent,2025.0,10,50.394999999999996,1,1
Stan Society,2025.0,1,31.64,1,1
Stanton Moore,2025.0,1,43.135,1,1
Stanton Moore Trio,2025.0,2,35.65,1,1
Start Making Sense,2025.0,1,,1,1
Steel Panther,2025.0,7,29.305,7,7
Steely Dane,2025.0,1,,1,1
Steez,2025.0,1,29.305,1,1
Stella Blue's Band,2025.0,1,25.52,1,1
Stella Cole,2025.0,1,41.175,1,1
Stephen Kellogg,2025.0,1,31.64,1,1
Stephen Wilson Jr.,2025.0,1,29.305,1,1
Steve Earle,2025.0,1,17.19,1,1
Steven Curtis Chapman,2025.0,4,46.18000000000001,4,2
Stevie Nicks,2025.0,1,29.305,1,1
Storm Large,2025.0,1,29.305,1,1
Story of the Year,2025.0,1,29.305,1,1
Straight No Chaser,2025.0,11,29.729545454545452,8,8
Strangelove: The Depeche Mode Experience,2025.0,1,19.545,1,1
Streetlight Manifesto,2025.0,3,29.304999999999996,3,2
Strung Out,2025.0,1,19.545,1,1
Sub Focus,2025.0,2,19.545,2,2
Sublime,2025.0,2,28.84,2,2
Subtronics,2025.0,6,19.545,4,4
Sugar: The Nu-Metal Party,2025.0,1,27.51,1,1
Sugarhill Gang,2025.0,1,35.980000000000004,1,1
Sullivan King,2025.0,1,19.545,1,1
Summerfeet,2025.0,1,29.305,1,1
Sun Kil Moon,2025.0,1,0.0,1,1
SunSquabi,2025.0,1,24.895,1,1
Sunami,2025.0,1,27.51,1,1
Superheaven,2025.0,1,40.23,1,1
Supersonic,2025.0,1,29.305,1,1
Supersuckers,2025.0,4,28.16,4,3
Svdden Death,2025.0,1,31.64,1,1
Swashbuckling Doctors,2025.0,1,19.545,1,1
T Sisters,2025.0,1,19.545,1,1
T.S.O.L.,2025.0,2,32.685,2,2
TDJ,2025.0,1,31.64,1,1
THE JETS 80s & 90's Experience!,2025.0,1,,1,1
TRSH,2025.0,1,29.305,1,1
Tab Benoit,2025.0,4,28.9025,3,3
Tae & The Neighborly,2025.0,2,53.665,2,2
Taking Back Sunday,2025.0,2,22.85,1,1
Tank and the Bangas,2025.0,1,40.06,1,1
Tape B,2025.0,4,28.2675,4,4
Taylor Goes Emo,2025.0,1,29.305,1,1
Taylor Hicks,2025.0,1,53.665,1,1
Tchami,2025.0,1,34.95,1,1
Tech N9ne,2025.0,3,35.980000000000004,2,2
Teddy Swims,2025.0,2,31.64,2,2
Teen Mortgage,2025.0,1,29.305,1,1
Ten,2025.0,1,27.51,1,1
Texas Is the Reason,2025.0,1,19.545,1,1
Thank You For The Music,2025.0,4,19.545,1,1
That Mexican OT,2025.0,7,35.980000000000004,7,7
That's So Shania - A Tribute to Shania Twain,2025.0,1,17.19,1,1
The 8-Bit Big Band,2025.0,1,41.175,1,1
The Acacia Strain,2025.0,3,29.304999999999996,1,1
The Academy Is,2025.0,5,26.723000000000003,3,3
The Aces,2025.0,2,36.542500000000004,2,2
The Allman Betts Band,2025.0,1,29.305,1,1
The Allman Betts Family Revival,2025.0,5,29.305,5,5
The Amish Outlaws,2025.0,2,,2,2
The Ataris,2025.0,1,57.370000000000005,1,1
The Australian Bee Gees (Vegas),2025.0,22,,1,1
The Band Solstice,2025.0,2,29.305,2,2
The Beat Farmers,2025.0,1,30.31,1,1
The Bergamot,2025.0,1,29.305,1,1
The Beths,2025.0,2,29.305,1,1
The Blind Boys of Alabama,2025.0,1,42.335,1,1
The Bouncing Souls,2025.0,3,29.304999999999996,3,3
The Boy Band Night,2025.0,1,17.19,1,1
The Boys From the County Hell,2025.0,1,,1,1
The Bronx Wanderers,2025.0,5,29.305,2,2
The Budos Band,2025.0,2,36.605000000000004,2,2
The Bug Club,2025.0,2,26.78,1,1
The Casualties,2025.0,3,28.088333333333335,3,3
The Claudettes,2025.0,1,25.52,1,1
The Cool Kids,2025.0,3,35.04333333333334,3,3
The Dallas Moore Band,2025.0,1,31.23,1,1
The Dave Matthews Tribute Band,2025.0,1,,1,1
The Dillinger Escape Plan,2025.0,2,24.425,2,2
The Dirty Grass Players,2025.0,1,19.545,1,1
The Disco Biscuits,2025.0,6,68.63583333333334,3,1
The Doo Wop Project,2025.0,1,53.665,1,1
"The Drifters, Cornell Gunter's Coasters, and The Platters",2025.0,1,53.665,1,1
The Dustbowl Revival,2025.0,1,19.545,1,1
The Dutch Kills,2025.0,1,29.305,1,1
The E Street Shuffle,2025.0,1,42.665,1,1
The Elovaters,2025.0,3,22.643333333333334,3,3
The Fab Four,2025.0,4,29.305,4,2
The Fabulous Equinox Orchestra,2025.0,1,41.175,1,1
The Five Blind Boys of Alabama,2025.0,1,53.665,1,1
The Floorwalkers,2025.0,2,25.65,1,1
The Format,2025.0,1,0.0,1,1
The Frights,2025.0,2,30.3825,2,2
The Front Bottoms,2025.0,6,30.161666666666665,6,4
The Gilmour Project,2025.0,3,19.545,3,3
The Glitch Mob,2025.0,1,34.95,1,1
The Great Gatsby Party,2025.0,1,19.545,1,1
The Handsome Devilz,2025.0,1,29.305,1,1
The Happy Fits,2025.0,1,29.305,1,1
The Haunt,2025.0,2,28.2875,2,2
The Heavy Heavy,2025.0,2,29.305,2,2
The Hold Steady,2025.0,3,29.304999999999996,1,1
The Holiday in Concert,2025.0,2,19.545,1,1
The Hoyle Brothers,2025.0,3,0.0,1,1
The Iguanas,2025.0,1,32.61,1,1
The Inciters,2025.0,1,0.0,1,1
The Isley Brothers,2025.0,2,53.665,2,2
The Kissers,2025.0,1,37.2775,1,1
The Knocks,2025.0,1,31.64,1,1
The Lemonheads,2025.0,3,42.73333333333333,3,3
The Lettermen,2025.0,2,31.64,2,2
The Linkin Park Tribute,2025.0,1,,1,1
The Machine,2025.0,1,,1,1
The Magical Music of Harry Potter - Live in Concert,2025.0,1,40.61,1,1
The Marshall Tucker Band,2025.0,2,29.305,2,2
The Milk Carton Kids,2025.0,1,17.19,1,1
The Moody Blues' John Lodge,2025.0,1,29.305,1,1
The Mother Hips,2025.0,1,29.305,1,1
The Mountain Goats,2025.0,4,29.305,2,2
The Music Of The Lord Of The Rings and The Hobbit,2025.0,2,40.61,1,1
The Music of Hans Zimmer & More,2025.0,1,40.61,1,1
The Music of Hans Zimmer & Others,2025.0,1,19.545,1,1
The Nerds,2025.0,1,29.305,1,1
The New Mastersounds,2025.0,1,19.545,1,1
The New York Pops,2025.0,2,40.61,1,1
The Oak Ridge Boys Christmas Show,2025.0,1,,1,1
The Parlor Mob,2025.0,1,53.82,1,1
The Pietasters,2025.0,1,29.305,1,1
The Polish Ambassador,2025.0,1,19.545,1,1
The Porch Flowers,2025.0,1,0.13,1,1
The Pork Tornadoes,2025.0,1,29.305,1,1
The Purple Madness - Tribute to Prince,2025.0,1,19.545,1,1
The Purple Xperience,2025.0,1,,1,1
The Railbenders,2025.0,1,19.545,1,1
The Rascals,2025.0,1,29.305,1,1
The Rat Pack Is Back,2025.0,1,,1,1
The Red Jumpsuit Apparatus,2025.0,1,29.305,1,1
The Red Party,2025.0,1,29.305,1,1
The Reverend Peyton's Big Damn Band,2025.0,1,28.14,1,1
The Revivalists,2025.0,1,29.305,1,1
The Rock Orchestra By Candlelight,2025.0,4,29.305,4,4
The Rock and Roll Playhouse,2025.0,12,24.463333333333335,7,7
The Roots,2025.0,1,35.980000000000004,1,1
The Schwegs,2025.0,1,29.305,1,1
The Seldom Scene,2025.0,1,19.545,1,1
The Shruggers,2025.0,1,29.305,1,1
The Silos,2025.0,1,0.13,1,1
The Sinatra Experience With Dave Halston,2025.0,1,,1,1
The Skip Castro Band,2025.0,1,29.305,1,1
The Slackers,2025.0,3,26.386666666666667,3,3
The Smoking Jackets,2025.0,1,96.395,1,1
The Spadtastics,2025.0,1,29.305,1,1
The Spikedrivers,2025.0,1,14.89,1,1
The Spill Canvas,2025.0,1,103.235,1,1
The Spooklights,2025.0,1,29.305,1,1
The Steepwater Band,2025.0,1,18.73,1,1
The Swellers,2025.0,1,29.305,1,1
The Toxhards,2025.0,1,29.305,1,1
The Ultimate Doors,2025.0,1,,1,1
The Ultimate Tribute To Rod Stewart Starring John Anthony,2025.0,1,29.305,1,1
The Vamps,2025.0,1,41.175,1,1
The Vandals,2025.0,1,29.305,1,1
The Vegabonds,2025.0,1,29.305,1,1
The Voices of Motown,2025.0,1,,1,1
The War and Treaty,2025.0,1,17.19,1,1
The Warped Tour Band,2025.0,1,,1,1
The Weeklings,2025.0,2,29.305,1,1
The Wilder Blue,2025.0,1,19.545,1,1
The Wood Brothers,2025.0,1,0.13,1,1
Theo Croker,2025.0,4,31.005000000000003,1,1
Thievery Corporation,2025.0,10,31.639999999999997,6,6
Third Eye Blind,2025.0,2,29.305,2,2
Thomas Cain,2025.0,1,17.19,1,1
Three Dog Night,2025.0,3,29.304999999999996,3,3
Thunderstruck,2025.0,1,36.1,1,1
Tierney Sutton,2025.0,2,51.85,1,1
Tim McGraw,2025.0,4,17.19,1,1
Tito Nieves,2025.0,1,37.2775,1,1
Toadies,2025.0,1,22.85,1,1
Todd Terje,2025.0,1,34.95,1,1
Tom & Collins,2025.0,1,12.45,1,1
Tom Petty & The Heartbreakers,2025.0,1,23.76,1,1
Tommy Emmanuel,2025.0,3,77.74166666666666,3,3
Tommy Womack,2025.0,1,17.45,1,1
Tony Hall,2025.0,1,27.98,1,1
Too $hort,2025.0,1,35.980000000000004,1,1
Too Many Zooz,2025.0,3,22.798333333333336,3,3
Toosii,2025.0,1,35.980000000000004,1,1
Topic,2025.0,1,24.95,1,1
Toubab Krewe,2025.0,1,23.76,1,1
Tower of Power,2025.0,1,25.52,1,1
Tracy Byrd,2025.0,1,17.19,1,1
Tracy Lawrence,2025.0,1,17.19,1,1
Trans-Siberian Orchestra,2025.0,39,29.884743589743586,23,22
Trap Karaoke,2025.0,6,35.980000000000004,5,5
Trapped Under Ice,2025.0,1,27.51,1,1
Treaty Oak Revival,2025.0,2,17.19,2,2
Tree,2025.0,1,0.0,1,1
Tripp St.,2025.0,1,19.545,1,1
Trisha Paytas,2025.0,1,31.64,1,1
Trisha Yearwood,2025.0,4,17.19,4,4
Trivium,2025.0,7,29.305,7,7
Trombone Shorty,2025.0,1,31.02,1,1
Turnpike Troubadours,2025.0,2,17.19,2,2
Twista,2025.0,1,35.980000000000004,1,1
TyFontaine,2025.0,1,19.545,1,1
Tyler Ballgame,2025.0,1,37.75,1,1
Tyler Hilton,2025.0,2,36.7375,2,2
UMI,2025.0,1,53.665,1,1
Umphrey's McGee,2025.0,1,29.305,1,1
Uncle Kracker,2025.0,1,31.64,1,1
Under The Streetlamp,2025.0,1,29.305,1,1
Underground Springhouse,2025.0,1,29.305,1,1
Universal Temple of the Arts Staten Island JAZZ Festival,2025.0,1,,1,1
Unknown,2025.0,1015,30.20508040201005,206,113
Unknown Mortal Orchestra,2025.0,1,29.305,1,1
Unplugged (MTV Unplugged Tribute Band),2025.0,1,29.305,1,1
Unter Null,2025.0,2,20.22,2,2
Uptown Jazz Orchestra,2025.0,2,52.6,1,1
Urban Strings,2025.0,1,35.980000000000004,1,1
VCTMS,2025.0,1,49.93,1,1
Vanessa Collier,2025.0,2,25.52,1,1
Vanna,2025.0,1,27.51,1,1
Vctre,2025.0,1,31.64,1,1
Vedo,2025.0,2,53.665,2,2
Versa,2025.0,2,28.2675,2,1
Vic Mensa,2025.0,1,47.61,1,1
Vienna Boys' Choir,2025.0,2,40.61,2,2
Vienna Light Orchestra,2025.0,5,40.61,3,3
Vince Giordano,2025.0,16,19.545,1,1
Vince Giordano and the Nighthawks,2025.0,16,35.335,1,1
Vinnie Caruana,2025.0,1,58.34,1,1
Voz De Mando,2025.0,1,164.03,1,1
WAR,2025.0,1,53.665,1,1
Waiting On Mongo,2025.0,1,53.665,1,1
Wang Chung,2025.0,1,59.495,1,1
War of Ages,2025.0,1,27.77,1,1
Warrant,2025.0,1,27.51,1,1
Washington Chorus,2025.0,3,40.61,1,1
Waterparks,2025.0,4,26.865000000000002,4,4
Wax,2025.0,1,35.980000000000004,1,1
Waylan St. Palan & The Magic Elves,2025.0,1,,1,1
Wayne Linsey,2025.0,1,41.05,1,1
Wayne Newton,2025.0,6,31.64,1,1
Wayne Toups,2025.0,1,25.52,1,1
Weedeater,2025.0,1,22.85,1,1
Western Standard Time Ska Orchestra,2025.0,1,19.545,1,1
Westside Cowboy,2025.0,1,24.65,1,1
Wet Leg,2025.0,2,24.425,2,2
Wheelhouse,2025.0,1,17.19,1,1
Whiskey Myers,2025.0,4,17.19,4,4
White Ford Bronco,2025.0,1,,1,1
White Tie Rock Ensemble,2025.0,1,,1,1
Whitechapel,2025.0,4,32.11625,4,4
Who's Bad,2025.0,1,,1,1
Whores,2025.0,1,27.51,1,1
Widespread Panic,2025.0,4,27.4125,2,1
Wild Party,2025.0,1,29.305,1,1
Will Downing,2025.0,2,53.665,1,1
William Beckmann,2025.0,1,19.545,1,1
Willie Colon,2025.0,1,,1,1
Willie Nile,2025.0,1,45.17,1,1
Winyah,2025.0,3,29.304999999999996,3,2
Wooli,2025.0,1,31.64,1,1
Wyldebunch,2025.0,1,35.980000000000004,1,1
Wynne,2025.0,1,35.980000000000004,1,1
Wynonna Judd,2025.0,1,17.19,1,1
Xavi,2025.0,3,,3,3
Xavier Omar,2025.0,3,42.291666666666664,3,3
Xaviersobased,2025.0,2,35.980000000000004,2,2
Yacht Rock Revue,2025.0,1,29.305,1,1
Yan Block,2025.0,2,35.980000000000004,1,1
Yandel,2025.0,2,,2,2
Yarn,2025.0,2,18.3675,2,1
Yellow Dubmarine,2025.0,1,19.545,1,1
Yo La Tengo,2025.0,10,29.305,2,2
Yotto,2025.0,2,49.2475,2,2
Young Culture,2025.0,4,26.865000000000002,4,4
Young Thug,2025.0,1,35.980000000000004,1,1
Yule Dogs,2025.0,1,29.305,1,1
Yuri,2025.0,1,31.64,1,1
ZOSO,2025.0,1,29.305,1,1
Zack Fox,2025.0,2,35.980000000000004,2,2
Zakk Sabbath,2025.0,3,19.545,3,3
Zaytoven,2025.0,1,35.980000000000004,1,1
Zedd,2025.0,3,24.895,2,2
Zeds Dead,2025.0,2,31.64,1,1
Zepparella,2025.0,1,29.305,1,1
Zoso The Ultimate Led Zeppelin Experience,2025.0,1,29.305,1,1
bricktoyaface,2025.0,1,19.545,1,1
chokecherry,2025.0,1,29.305,1,1
for KING & COUNTRY,2025.0,3,27.608333333333334,2,2
gavn!,2025.0,1,31.64,1,1
harf.,2025.0,1,0.13,1,1
honestav,2025.0,1,35.980000000000004,1,1
it's murph,2025.0,1,24.895,1,1
keiyaA,2025.0,1,26.71,1,1
last fair deal,2025.0,1,29.305,1,1
mgk,2025.0,3,29.304999999999996,3,3
moe.,2025.0,1,29.305,1,1
out of order,2025.0,1,29.305,1,1
shallou,2025.0,1,19.545,1,1
they are gutting a body of water,2025.0,1,29.305,1,1
veggi,2025.0,1,19.95,1,1
